2026-09-22 16:29:13,685 - INFO - fonts.py: 28 [<module>] | Fonts loaded.
2026-09-22 16:29:13,685 - WARNING - settings_manager.py: 138 [get_attribute] | Settings file not created.
2026-09-22 16:29:13,685 - WARNING - settings_manager.py: 138 [get_attribute] | Settings file not created.
2026-09-22 16:29:13,685 - INFO - classes.py: 2467 [<module>] | Created classes.
2026-09-22 16:29:13,713 - INFO - classes.py: 2486 [<module>] | Created reference defaults.
2026-09-22 16:29:13,880 - INFO - levels.py: 317 [<module>] | Level variables created.
2026-09-22 16:29:13,971 - INFO - save_manager.py: 18 [__init__] | Save manager initialized.
2026-09-22 16:29:14,244 - INFO - save_manager.py: 59 [get_info] | Returning info slot0
2026-09-22 16:29:14,271 - INFO - save_manager.py: 61 [get_info] | DATA: {'date': '20.09.2026 10:54', 'id': 0}
2026-09-22 16:29:14,271 - INFO - save_manager.py: 59 [get_info] | Returning info slot1
2026-09-22 16:29:14,297 - INFO - save_manager.py: 61 [get_info] | DATA: {'date': '20.09.2026 10:54', 'id': 1}
2026-09-22 16:29:14,297 - INFO - save_manager.py: 59 [get_info] | Returning info slot2
2026-09-22 16:29:14,323 - INFO - save_manager.py: 61 [get_info] | DATA: {'date': '20.09.2026 10:54', 'id': 2}
2026-09-22 16:29:14,323 - INFO - save_manager.py: 59 [get_info] | Returning info slot5
2026-09-22 16:29:14,353 - INFO - save_manager.py: 61 [get_info] | DATA: {'date': '20.09.2026 10:41', 'id': 5}
2026-09-22 16:29:14,353 - INFO - save_manager.py: 59 [get_info] | Returning info slot7
2026-09-22 16:29:14,379 - INFO - save_manager.py: 61 [get_info] | DATA: {'date': '20.09.2026 10:54', 'id': 7}
2026-09-22 16:29:14,379 - INFO - save_manager.py: 59 [get_info] | Returning info slot27
2026-09-22 16:29:14,409 - INFO - save_manager.py: 61 [get_info] | DATA: {'date': '20.09.2026 10:41', 'id': 27}
2026-09-22 16:29:14,409 - INFO - save_manager.py: 123 [get_info_last_slot] | Trying to return last slot info...
2026-09-22 16:29:14,434 - INFO - save_manager.py: 123 [get_info_last_slot] | Trying to return last slot info...
2026-09-22 16:33:13,281 - INFO - fonts.py: 28 [<module>] | Fonts loaded.
2026-09-22 16:33:13,281 - WARNING - settings_manager.py: 138 [get_attribute] | Settings file not created.
2026-09-22 16:33:13,281 - WARNING - settings_manager.py: 138 [get_attribute] | Settings file not created.
2026-09-22 16:33:13,281 - INFO - classes.py: 2467 [<module>] | Created classes.
2026-09-22 16:33:13,312 - INFO - classes.py: 2486 [<module>] | Created reference defaults.
2026-09-22 16:33:13,483 - INFO - levels.py: 317 [<module>] | Level variables created.
2026-09-22 16:33:13,549 - INFO - save_manager.py: 18 [__init__] | Save manager initialized.
2026-09-22 16:33:13,817 - INFO - save_manager.py: 59 [get_info] | Returning info slot0
2026-09-22 16:33:13,843 - INFO - save_manager.py: 61 [get_info] | DATA: {'date': '20.09.2026 10:54', 'id': 0}
2026-09-22 16:33:13,843 - INFO - save_manager.py: 59 [get_info] | Returning info slot1
2026-09-22 16:33:13,869 - INFO - save_manager.py: 61 [get_info] | DATA: {'date': '20.09.2026 10:54', 'id': 1}
2026-09-22 16:33:13,869 - INFO - save_manager.py: 59 [get_info] | Returning info slot2
2026-09-22 16:33:13,894 - INFO - save_manager.py: 61 [get_info] | DATA: {'date': '20.09.2026 10:54', 'id': 2}
2026-09-22 16:33:13,894 - INFO - save_manager.py: 59 [get_info] | Returning info slot5
2026-09-22 16:33:13,925 - INFO - save_manager.py: 61 [get_info] | DATA: {'date': '20.09.2026 10:41', 'id': 5}
2026-09-22 16:33:13,925 - INFO - save_manager.py: 59 [get_info] | Returning info slot7
2026-09-22 16:33:13,952 - INFO - save_manager.py: 61 [get_info] | DATA: {'date': '20.09.2026 10:54', 'id': 7}
2026-09-22 16:33:13,952 - INFO - save_manager.py: 59 [get_info] | Returning info slot27
2026-09-22 16:33:13,983 - INFO - save_manager.py: 61 [get_info] | DATA: {'date': '20.09.2026 10:41', 'id': 27}
2026-09-22 16:33:13,983 - INFO - save_manager.py: 123 [get_info_last_slot] | Trying to return last slot info...
2026-09-22 16:33:14,009 - INFO - save_manager.py: 123 [get_info_last_slot] | Trying to return last slot info...
2026-09-22 16:33:58,012 - INFO - fonts.py: 28 [<module>] | Fonts loaded.
2026-09-22 16:33:58,012 - WARNING - settings_manager.py: 138 [get_attribute] | Settings file not created.
2026-09-22 16:33:58,012 - WARNING - settings_manager.py: 138 [get_attribute] | Settings file not created.
2026-09-22 16:33:58,013 - INFO - classes.py: 2467 [<module>] | Created classes.
2026-09-22 16:33:58,045 - INFO - classes.py: 2486 [<module>] | Created reference defaults.
2026-09-22 16:33:58,210 - INFO - levels.py: 317 [<module>] | Level variables created.
2026-09-22 16:33:58,298 - INFO - save_manager.py: 18 [__init__] | Save manager initialized.
2026-09-22 16:33:58,574 - INFO - save_manager.py: 59 [get_info] | Returning info slot0
2026-09-22 16:33:58,600 - INFO - save_manager.py: 61 [get_info] | DATA: {'date': '20.09.2026 10:54', 'id': 0}
2026-09-22 16:33:58,600 - INFO - save_manager.py: 59 [get_info] | Returning info slot1
2026-09-22 16:33:58,625 - INFO - save_manager.py: 61 [get_info] | DATA: {'date': '20.09.2026 10:54', 'id': 1}
2026-09-22 16:33:58,625 - INFO - save_manager.py: 59 [get_info] | Returning info slot2
2026-09-22 16:33:58,650 - INFO - save_manager.py: 61 [get_info] | DATA: {'date': '20.09.2026 10:54', 'id': 2}
2026-09-22 16:33:58,650 - INFO - save_manager.py: 59 [get_info] | Returning info slot5
2026-09-22 16:33:58,679 - INFO - save_manager.py: 61 [get_info] | DATA: {'date': '20.09.2026 10:41', 'id': 5}
2026-09-22 16:33:58,679 - INFO - save_manager.py: 59 [get_info] | Returning info slot7
2026-09-22 16:33:58,705 - INFO - save_manager.py: 61 [get_info] | DATA: {'date': '20.09.2026 10:54', 'id': 7}
2026-09-22 16:33:58,705 - INFO - save_manager.py: 59 [get_info] | Returning info slot27
2026-09-22 16:33:58,736 - INFO - save_manager.py: 61 [get_info] | DATA: {'date': '20.09.2026 10:41', 'id': 27}
2026-09-22 16:33:58,736 - INFO - save_manager.py: 123 [get_info_last_slot] | Trying to return last slot info...
2026-09-22 16:33:58,761 - INFO - save_manager.py: 123 [get_info_last_slot] | Trying to return last slot info...
2026-09-22 16:44:51,990 - INFO - fonts.py: 28 [<module>] | Fonts loaded.
2026-09-22 16:44:51,990 - WARNING - settings_manager.py: 138 [get_attribute] | Settings file not created.
2026-09-22 16:44:51,991 - WARNING - settings_manager.py: 138 [get_attribute] | Settings file not created.
2026-09-22 16:44:51,991 - INFO - classes.py: 2467 [<module>] | Created classes.
2026-09-22 16:44:52,022 - INFO - classes.py: 2486 [<module>] | Created reference defaults.
2026-09-22 16:44:52,183 - INFO - levels.py: 317 [<module>] | Level variables created.
2026-09-22 16:44:52,266 - INFO - save_manager.py: 18 [__init__] | Save manager initialized.
2026-09-22 16:44:52,543 - INFO - save_manager.py: 59 [get_info] | Returning info slot0
2026-09-22 16:44:52,569 - INFO - save_manager.py: 61 [get_info] | DATA: {'date': '20.09.2026 10:54', 'id': 0}
2026-09-22 16:44:52,569 - INFO - save_manager.py: 59 [get_info] | Returning info slot1
2026-09-22 16:44:52,595 - INFO - save_manager.py: 61 [get_info] | DATA: {'date': '20.09.2026 10:54', 'id': 1}
2026-09-22 16:44:52,596 - INFO - save_manager.py: 59 [get_info] | Returning info slot2
2026-09-22 16:44:52,622 - INFO - save_manager.py: 61 [get_info] | DATA: {'date': '20.09.2026 10:54', 'id': 2}
2026-09-22 16:44:52,622 - INFO - save_manager.py: 59 [get_info] | Returning info slot5
2026-09-22 16:44:52,653 - INFO - save_manager.py: 61 [get_info] | DATA: {'date': '20.09.2026 10:41', 'id': 5}
2026-09-22 16:44:52,653 - INFO - save_manager.py: 59 [get_info] | Returning info slot7
2026-09-22 16:44:52,678 - INFO - save_manager.py: 61 [get_info] | DATA: {'date': '20.09.2026 10:54', 'id': 7}
2026-09-22 16:44:52,678 - INFO - save_manager.py: 59 [get_info] | Returning info slot27
2026-09-22 16:44:52,708 - INFO - save_manager.py: 61 [get_info] | DATA: {'date': '20.09.2026 10:41', 'id': 27}
2026-09-22 16:44:52,709 - INFO - save_manager.py: 123 [get_info_last_slot] | Trying to return last slot info...
2026-09-22 16:44:57,585 - INFO - save_manager.py: 83 [save_last_slot] | Saved last slot.
2026-09-22 16:44:57,585 - INFO - game_screen.py: 312 [update] | Saving last.
2026-09-22 16:44:57,592 - INFO - game_screen.py: 312 [update] | Saving last.
2026-09-22 16:44:57,601 - INFO - game_screen.py: 312 [update] | Saving last.
2026-09-22 16:44:57,609 - INFO - game_screen.py: 312 [update] | Saving last.
2026-09-22 16:44:57,617 - INFO - game_screen.py: 312 [update] | Saving last.
2026-09-22 16:44:57,625 - INFO - game_screen.py: 312 [update] | Saving last.
2026-09-22 16:44:57,632 - INFO - game_screen.py: 312 [update] | Saving last.
2026-09-22 16:44:57,639 - INFO - game_screen.py: 312 [update] | Saving last.
2026-09-22 16:44:57,647 - INFO - game_screen.py: 312 [update] | Saving last.
2026-09-22 16:44:57,654 - INFO - game_screen.py: 312 [update] | Saving last.
2026-09-22 16:44:57,662 - INFO - game_screen.py: 312 [update] | Saving last.
2026-09-22 16:44:57,669 - INFO - game_screen.py: 312 [update] | Saving last.
2026-09-22 16:44:57,677 - INFO - game_screen.py: 312 [update] | Saving last.
2026-09-22 16:44:57,684 - INFO - game_screen.py: 312 [update] | Saving last.
2026-09-22 16:44:57,692 - INFO - game_screen.py: 312 [update] | Saving last.
2026-09-22 16:44:57,699 - INFO - game_screen.py: 312 [update] | Saving last.
2026-09-22 16:44:57,706 - INFO - game_screen.py: 312 [update] | Saving last.
2026-09-22 16:44:57,714 - INFO - game_screen.py: 312 [update] | Saving last.
2026-09-22 16:44:57,721 - INFO - game_screen.py: 312 [update] | Saving last.
2026-09-22 16:44:57,729 - INFO - game_screen.py: 312 [update] | Saving last.
2026-09-22 16:44:57,736 - INFO - game_screen.py: 312 [update] | Saving last.
2026-09-22 16:44:57,743 - INFO - game_screen.py: 312 [update] | Saving last.
2026-09-22 16:44:57,751 - INFO - game_screen.py: 312 [update] | Saving last.
2026-09-22 16:44:57,758 - INFO - game_screen.py: 312 [update] | Saving last.
2026-09-22 16:44:57,766 - INFO - game_screen.py: 312 [update] | Saving last.
2026-09-22 16:44:57,773 - INFO - game_screen.py: 312 [update] | Saving last.
2026-09-22 16:44:57,780 - INFO - game_screen.py: 312 [update] | Saving last.
2026-09-22 16:44:57,788 - INFO - game_screen.py: 312 [update] | Saving last.
2026-09-22 16:44:57,795 - INFO - game_screen.py: 312 [update] | Saving last.
2026-09-22 16:44:57,802 - INFO - game_screen.py: 312 [update] | Saving last.
2026-09-22 16:44:57,810 - INFO - game_screen.py: 312 [update] | Saving last.
2026-09-22 16:44:57,817 - INFO - game_screen.py: 312 [update] | Saving last.
2026-09-22 16:44:57,824 - INFO - game_screen.py: 312 [update] | Saving last.
2026-09-22 16:44:57,832 - INFO - game_screen.py: 312 [update] | Saving last.
2026-09-22 16:44:57,839 - INFO - game_screen.py: 312 [update] | Saving last.
2026-09-22 16:44:57,847 - INFO - game_screen.py: 312 [update] | Saving last.
2026-09-22 16:44:57,854 - INFO - game_screen.py: 312 [update] | Saving last.
2026-09-22 16:44:57,861 - INFO - game_screen.py: 312 [update] | Saving last.
2026-09-22 16:44:57,868 - INFO - game_screen.py: 312 [update] | Saving last.
2026-09-22 16:44:57,876 - INFO - game_screen.py: 312 [update] | Saving last.
2026-09-22 16:44:57,883 - INFO - game_screen.py: 312 [update] | Saving last.
2026-09-22 16:44:57,890 - INFO - game_screen.py: 312 [update] | Saving last.
2026-09-22 16:44:57,898 - INFO - game_screen.py: 312 [update] | Saving last.
2026-09-22 16:44:57,905 - INFO - game_screen.py: 312 [update] | Saving last.
2026-09-22 16:44:57,913 - INFO - game_screen.py: 312 [update] | Saving last.
2026-09-22 16:44:57,920 - INFO - game_screen.py: 312 [update] | Saving last.
2026-09-22 16:44:57,927 - INFO - game_screen.py: 312 [update] | Saving last.
2026-09-22 16:44:57,935 - INFO - game_screen.py: 312 [update] | Saving last.
2026-09-22 16:44:57,942 - INFO - game_screen.py: 312 [update] | Saving last.
2026-09-22 16:44:57,949 - INFO - game_screen.py: 312 [update] | Saving last.
2026-09-22 16:44:57,956 - INFO - game_screen.py: 312 [update] | Saving last.
2026-09-22 16:44:57,964 - INFO - game_screen.py: 312 [update] | Saving last.
2026-09-22 16:44:57,971 - INFO - game_screen.py: 312 [update] | Saving last.
2026-09-22 16:44:57,979 - INFO - game_screen.py: 312 [update] | Saving last.
2026-09-22 16:44:57,986 - INFO - game_screen.py: 312 [update] | Saving last.
2026-09-22 16:44:57,994 - INFO - game_screen.py: 312 [update] | Saving last.
2026-09-22 16:44:58,001 - INFO - game_screen.py: 312 [update] | Saving last.
2026-09-22 16:44:58,008 - INFO - game_screen.py: 312 [update] | Saving last.
2026-09-22 16:44:58,016 - INFO - game_screen.py: 312 [update] | Saving last.
2026-09-22 16:44:58,023 - INFO - game_screen.py: 312 [update] | Saving last.
2026-09-22 16:44:58,030 - INFO - game_screen.py: 312 [update] | Saving last.
2026-09-22 16:44:58,038 - INFO - game_screen.py: 312 [update] | Saving last.
2026-09-22 16:44:58,046 - INFO - game_screen.py: 312 [update] | Saving last.
2026-09-22 16:44:58,053 - INFO - game_screen.py: 312 [update] | Saving last.
2026-09-22 16:44:58,061 - INFO - game_screen.py: 312 [update] | Saving last.
2026-09-22 16:44:58,069 - INFO - game_screen.py: 312 [update] | Saving last.
2026-09-22 16:44:58,076 - INFO - game_screen.py: 312 [update] | Saving last.
2026-09-22 16:44:58,084 - INFO - game_screen.py: 312 [update] | Saving last.
2026-09-22 16:44:58,092 - INFO - game_screen.py: 312 [update] | Saving last.
2026-09-22 16:44:58,100 - INFO - game_screen.py: 312 [update] | Saving last.
2026-09-22 16:44:58,107 - INFO - game_screen.py: 312 [update] | Saving last.
2026-09-22 16:44:58,115 - INFO - game_screen.py: 312 [update] | Saving last.
2026-09-22 16:44:58,123 - INFO - game_screen.py: 312 [update] | Saving last.
2026-09-22 16:44:58,131 - INFO - game_screen.py: 312 [update] | Saving last.
2026-09-22 16:44:58,138 - INFO - game_screen.py: 312 [update] | Saving last.
2026-09-22 16:44:58,146 - INFO - game_screen.py: 312 [update] | Saving last.
2026-09-22 16:44:58,154 - INFO - game_screen.py: 312 [update] | Saving last.
2026-09-22 16:44:58,162 - INFO - game_screen.py: 312 [update] | Saving last.
2026-09-22 16:44:58,169 - INFO - game_screen.py: 312 [update] | Saving last.
2026-09-22 16:44:58,177 - INFO - game_screen.py: 312 [update] | Saving last.
2026-09-22 16:44:58,185 - INFO - game_screen.py: 312 [update] | Saving last.
2026-09-22 16:44:58,193 - INFO - game_screen.py: 312 [update] | Saving last.
2026-09-22 16:44:58,200 - INFO - game_screen.py: 312 [update] | Saving last.
2026-09-22 16:44:58,208 - INFO - game_screen.py: 312 [update] | Saving last.
2026-09-22 16:44:58,216 - INFO - game_screen.py: 312 [update] | Saving last.
2026-09-22 16:44:58,223 - INFO - game_screen.py: 312 [update] | Saving last.
2026-09-22 16:44:58,231 - INFO - game_screen.py: 312 [update] | Saving last.
2026-09-22 16:44:58,239 - INFO - game_screen.py: 312 [update] | Saving last.
2026-09-22 16:44:58,247 - INFO - game_screen.py: 312 [update] | Saving last.
2026-09-22 16:44:58,255 - INFO - game_screen.py: 312 [update] | Saving last.
2026-09-22 16:44:58,263 - INFO - game_screen.py: 312 [update] | Saving last.
2026-09-22 16:44:58,270 - INFO - game_screen.py: 312 [update] | Saving last.
2026-09-22 16:44:58,278 - INFO - game_screen.py: 312 [update] | Saving last.
2026-09-22 16:44:58,286 - INFO - game_screen.py: 312 [update] | Saving last.
2026-09-22 16:44:58,294 - INFO - game_screen.py: 312 [update] | Saving last.
2026-09-22 16:44:58,302 - INFO - game_screen.py: 312 [update] | Saving last.
2026-09-22 16:44:58,310 - INFO - game_screen.py: 312 [update] | Saving last.
2026-09-22 16:44:58,318 - INFO - game_screen.py: 312 [update] | Saving last.
2026-09-22 16:44:58,326 - INFO - game_screen.py: 312 [update] | Saving last.
2026-09-22 16:44:58,334 - INFO - game_screen.py: 312 [update] | Saving last.
2026-09-22 16:44:58,341 - INFO - game_screen.py: 312 [update] | Saving last.
2026-09-22 16:44:58,349 - INFO - game_screen.py: 312 [update] | Saving last.
2026-09-22 16:44:58,357 - INFO - game_screen.py: 312 [update] | Saving last.
2026-09-22 16:44:58,365 - INFO - game_screen.py: 312 [update] | Saving last.
2026-09-22 16:44:58,372 - INFO - game_screen.py: 312 [update] | Saving last.
2026-09-22 16:44:58,381 - INFO - game_screen.py: 312 [update] | Saving last.
2026-09-22 16:44:58,388 - INFO - game_screen.py: 312 [update] | Saving last.
2026-09-22 16:44:58,396 - INFO - game_screen.py: 312 [update] | Saving last.
2026-09-22 16:44:58,404 - INFO - game_screen.py: 312 [update] | Saving last.
2026-09-22 16:44:58,412 - INFO - game_screen.py: 312 [update] | Saving last.
2026-09-22 16:44:58,420 - INFO - game_screen.py: 312 [update] | Saving last.
2026-09-22 16:44:58,428 - INFO - game_screen.py: 312 [update] | Saving last.
2026-09-22 16:44:58,436 - INFO - game_screen.py: 312 [update] | Saving last.
2026-09-22 16:44:58,444 - INFO - game_screen.py: 312 [update] | Saving last.
2026-09-22 16:44:58,451 - INFO - game_screen.py: 312 [update] | Saving last.
2026-09-22 16:44:58,459 - INFO - game_screen.py: 312 [update] | Saving last.
2026-09-22 16:44:58,467 - INFO - game_screen.py: 312 [update] | Saving last.
2026-09-22 16:44:58,474 - INFO - game_screen.py: 312 [update] | Saving last.
2026-09-22 16:44:58,482 - INFO - game_screen.py: 312 [update] | Saving last.
2026-09-22 16:44:58,490 - INFO - game_screen.py: 312 [update] | Saving last.
2026-09-22 16:44:58,498 - INFO - game_screen.py: 312 [update] | Saving last.
2026-09-22 16:44:58,505 - INFO - game_screen.py: 312 [update] | Saving last.
2026-09-22 16:44:58,513 - INFO - game_screen.py: 312 [update] | Saving last.
2026-09-22 16:44:58,521 - INFO - game_screen.py: 312 [update] | Saving last.
2026-09-22 16:44:58,529 - INFO - game_screen.py: 312 [update] | Saving last.
2026-09-22 16:44:58,536 - INFO - game_screen.py: 312 [update] | Saving last.
2026-09-22 16:44:58,544 - INFO - game_screen.py: 312 [update] | Saving last.
2026-09-22 16:44:58,552 - INFO - game_screen.py: 312 [update] | Saving last.
2026-09-22 16:44:58,560 - INFO - game_screen.py: 312 [update] | Saving last.
2026-09-22 16:44:58,567 - INFO - game_screen.py: 312 [update] | Saving last.
2026-09-22 16:44:58,575 - INFO - game_screen.py: 312 [update] | Saving last.
2026-09-22 16:44:58,583 - INFO - game_screen.py: 312 [update] | Saving last.
2026-09-22 16:44:58,590 - INFO - game_screen.py: 312 [update] | Saving last.
2026-09-22 16:44:58,598 - INFO - game_screen.py: 312 [update] | Saving last.
2026-09-22 16:44:58,606 - INFO - game_screen.py: 312 [update] | Saving last.
2026-09-22 16:44:58,614 - INFO - game_screen.py: 312 [update] | Saving last.
2026-09-22 16:44:58,621 - INFO - game_screen.py: 312 [update] | Saving last.
2026-09-22 16:44:58,629 - INFO - game_screen.py: 312 [update] | Saving last.
2026-09-22 16:44:58,637 - INFO - game_screen.py: 312 [update] | Saving last.
2026-09-22 16:44:58,645 - INFO - game_screen.py: 312 [update] | Saving last.
2026-09-22 16:44:58,652 - INFO - game_screen.py: 312 [update] | Saving last.
2026-09-22 16:44:58,660 - INFO - game_screen.py: 312 [update] | Saving last.
2026-09-22 16:44:58,668 - INFO - game_screen.py: 312 [update] | Saving last.
2026-09-22 16:44:58,676 - INFO - game_screen.py: 312 [update] | Saving last.
2026-09-22 16:44:58,683 - INFO - game_screen.py: 312 [update] | Saving last.
2026-09-22 16:44:58,691 - INFO - game_screen.py: 312 [update] | Saving last.
2026-09-22 16:44:58,699 - INFO - game_screen.py: 312 [update] | Saving last.
2026-09-22 16:44:58,706 - INFO - game_screen.py: 312 [update] | Saving last.
2026-09-22 16:44:58,714 - INFO - game_screen.py: 312 [update] | Saving last.
2026-09-22 16:44:58,722 - INFO - game_screen.py: 312 [update] | Saving last.
2026-09-22 16:44:58,730 - INFO - game_screen.py: 312 [update] | Saving last.
2026-09-22 16:44:58,737 - INFO - game_screen.py: 312 [update] | Saving last.
2026-09-22 16:44:58,745 - INFO - game_screen.py: 312 [update] | Saving last.
2026-09-22 16:44:58,753 - INFO - game_screen.py: 312 [update] | Saving last.
2026-09-22 16:44:58,761 - INFO - game_screen.py: 312 [update] | Saving last.
2026-09-22 16:44:58,768 - INFO - game_screen.py: 312 [update] | Saving last.
2026-09-22 16:44:58,776 - INFO - game_screen.py: 312 [update] | Saving last.
2026-09-22 16:44:58,784 - INFO - game_screen.py: 312 [update] | Saving last.
2026-09-22 16:44:58,791 - INFO - game_screen.py: 312 [update] | Saving last.
2026-09-22 16:44:58,799 - INFO - game_screen.py: 312 [update] | Saving last.
2026-09-22 16:44:58,807 - INFO - game_screen.py: 312 [update] | Saving last.
2026-09-22 16:44:58,815 - INFO - game_screen.py: 312 [update] | Saving last.
2026-09-22 16:44:58,822 - INFO - game_screen.py: 312 [update] | Saving last.
2026-09-22 16:44:58,830 - INFO - game_screen.py: 312 [update] | Saving last.
2026-09-22 16:44:58,838 - INFO - game_screen.py: 312 [update] | Saving last.
2026-09-22 16:44:58,846 - INFO - game_screen.py: 312 [update] | Saving last.
2026-09-22 16:44:58,853 - INFO - game_screen.py: 312 [update] | Saving last.
2026-09-22 16:44:58,862 - INFO - game_screen.py: 312 [update] | Saving last.
2026-09-22 16:44:58,869 - INFO - game_screen.py: 312 [update] | Saving last.
2026-09-22 16:44:58,877 - INFO - game_screen.py: 312 [update] | Saving last.
2026-09-22 16:44:58,885 - INFO - game_screen.py: 312 [update] | Saving last.
2026-09-22 16:44:58,893 - INFO - game_screen.py: 312 [update] | Saving last.
2026-09-22 16:44:58,901 - INFO - game_screen.py: 312 [update] | Saving last.
2026-09-22 16:44:58,908 - INFO - game_screen.py: 312 [update] | Saving last.
2026-09-22 16:44:58,916 - INFO - game_screen.py: 312 [update] | Saving last.
2026-09-22 16:44:58,924 - INFO - game_screen.py: 312 [update] | Saving last.
2026-09-22 16:44:58,932 - INFO - game_screen.py: 312 [update] | Saving last.
2026-09-22 16:44:58,939 - INFO - game_screen.py: 312 [update] | Saving last.
2026-09-22 16:44:58,947 - INFO - game_screen.py: 312 [update] | Saving last.
2026-09-22 16:44:58,955 - INFO - game_screen.py: 312 [update] | Saving last.
2026-09-22 16:44:58,963 - INFO - game_screen.py: 312 [update] | Saving last.
2026-09-22 16:44:58,970 - INFO - game_screen.py: 312 [update] | Saving last.
2026-09-22 16:44:58,978 - INFO - game_screen.py: 312 [update] | Saving last.
2026-09-22 16:44:58,986 - INFO - game_screen.py: 312 [update] | Saving last.
2026-09-22 16:44:58,994 - INFO - game_screen.py: 312 [update] | Saving last.
2026-09-22 16:44:59,001 - INFO - game_screen.py: 312 [update] | Saving last.
2026-09-22 16:44:59,009 - INFO - game_screen.py: 312 [update] | Saving last.
2026-09-22 16:44:59,017 - INFO - game_screen.py: 312 [update] | Saving last.
2026-09-22 16:44:59,024 - INFO - game_screen.py: 312 [update] | Saving last.
2026-09-22 16:44:59,032 - INFO - game_screen.py: 312 [update] | Saving last.
2026-09-22 16:44:59,040 - INFO - game_screen.py: 312 [update] | Saving last.
2026-09-22 16:44:59,048 - INFO - game_screen.py: 312 [update] | Saving last.
2026-09-22 16:44:59,055 - INFO - game_screen.py: 312 [update] | Saving last.
2026-09-22 16:44:59,063 - INFO - game_screen.py: 312 [update] | Saving last.
2026-09-22 16:44:59,071 - INFO - game_screen.py: 312 [update] | Saving last.
2026-09-22 16:44:59,079 - INFO - game_screen.py: 312 [update] | Saving last.
2026-09-22 16:44:59,086 - INFO - game_screen.py: 312 [update] | Saving last.
2026-09-22 16:44:59,094 - INFO - game_screen.py: 312 [update] | Saving last.
2026-09-22 16:44:59,140 - INFO - save_manager.py: 83 [save_last_slot] | Saved last slot.
2026-09-22 16:45:10,421 - INFO - fonts.py: 28 [<module>] | Fonts loaded.
2026-09-22 16:45:10,422 - WARNING - settings_manager.py: 138 [get_attribute] | Settings file not created.
2026-09-22 16:45:10,422 - WARNING - settings_manager.py: 138 [get_attribute] | Settings file not created.
2026-09-22 16:45:10,422 - INFO - classes.py: 2467 [<module>] | Created classes.
2026-09-22 16:45:10,454 - INFO - classes.py: 2486 [<module>] | Created reference defaults.
2026-09-22 16:45:10,615 - INFO - levels.py: 317 [<module>] | Level variables created.
2026-09-22 16:45:10,701 - INFO - save_manager.py: 18 [__init__] | Save manager initialized.
2026-09-22 16:45:10,981 - INFO - save_manager.py: 59 [get_info] | Returning info slot0
2026-09-22 16:45:11,006 - INFO - save_manager.py: 61 [get_info] | DATA: {'date': '20.09.2026 10:54', 'id': 0}
2026-09-22 16:45:11,006 - INFO - save_manager.py: 59 [get_info] | Returning info slot1
2026-09-22 16:45:11,031 - INFO - save_manager.py: 61 [get_info] | DATA: {'date': '20.09.2026 10:54', 'id': 1}
2026-09-22 16:45:11,031 - INFO - save_manager.py: 59 [get_info] | Returning info slot2
2026-09-22 16:45:11,057 - INFO - save_manager.py: 61 [get_info] | DATA: {'date': '20.09.2026 10:54', 'id': 2}
2026-09-22 16:45:11,057 - INFO - save_manager.py: 59 [get_info] | Returning info slot5
2026-09-22 16:45:11,086 - INFO - save_manager.py: 61 [get_info] | DATA: {'date': '20.09.2026 10:41', 'id': 5}
2026-09-22 16:45:11,086 - INFO - save_manager.py: 59 [get_info] | Returning info slot7
2026-09-22 16:45:11,111 - INFO - save_manager.py: 61 [get_info] | DATA: {'date': '20.09.2026 10:54', 'id': 7}
2026-09-22 16:45:11,111 - INFO - save_manager.py: 59 [get_info] | Returning info slot27
2026-09-22 16:45:11,141 - INFO - save_manager.py: 61 [get_info] | DATA: {'date': '20.09.2026 10:41', 'id': 27}
2026-09-22 16:45:11,141 - INFO - save_manager.py: 123 [get_info_last_slot] | Trying to return last slot info...
2026-09-22 16:45:12,376 - INFO - save_manager.py: 83 [save_last_slot] | Saved last slot.
2026-09-22 16:45:12,376 - INFO - game_screen.py: 312 [update] | Saving last.
2026-09-22 16:45:12,383 - INFO - game_screen.py: 312 [update] | Saving last.
2026-09-22 16:45:12,397 - INFO - game_screen.py: 312 [update] | Saving last.
2026-09-22 16:45:12,405 - INFO - game_screen.py: 312 [update] | Saving last.
2026-09-22 16:45:12,414 - INFO - game_screen.py: 312 [update] | Saving last.
2026-09-22 16:45:12,424 - INFO - game_screen.py: 312 [update] | Saving last.
2026-09-22 16:45:12,434 - INFO - game_screen.py: 312 [update] | Saving last.
2026-09-22 16:45:12,442 - INFO - game_screen.py: 312 [update] | Saving last.
2026-09-22 16:45:12,449 - INFO - game_screen.py: 312 [update] | Saving last.
2026-09-22 16:45:12,457 - INFO - game_screen.py: 312 [update] | Saving last.
2026-09-22 16:45:12,464 - INFO - game_screen.py: 312 [update] | Saving last.
2026-09-22 16:45:12,472 - INFO - game_screen.py: 312 [update] | Saving last.
2026-09-22 16:45:12,479 - INFO - game_screen.py: 312 [update] | Saving last.
2026-09-22 16:45:12,487 - INFO - game_screen.py: 312 [update] | Saving last.
2026-09-22 16:45:12,494 - INFO - game_screen.py: 312 [update] | Saving last.
2026-09-22 16:45:12,501 - INFO - game_screen.py: 312 [update] | Saving last.
2026-09-22 16:45:12,509 - INFO - game_screen.py: 312 [update] | Saving last.
2026-09-22 16:45:12,516 - INFO - game_screen.py: 312 [update] | Saving last.
2026-09-22 16:45:12,523 - INFO - game_screen.py: 312 [update] | Saving last.
2026-09-22 16:45:12,531 - INFO - game_screen.py: 312 [update] | Saving last.
2026-09-22 16:45:12,538 - INFO - game_screen.py: 312 [update] | Saving last.
2026-09-22 16:45:12,546 - INFO - game_screen.py: 312 [update] | Saving last.
2026-09-22 16:45:12,553 - INFO - game_screen.py: 312 [update] | Saving last.
2026-09-22 16:45:12,560 - INFO - game_screen.py: 312 [update] | Saving last.
2026-09-22 16:45:12,568 - INFO - game_screen.py: 312 [update] | Saving last.
2026-09-22 16:45:12,575 - INFO - game_screen.py: 312 [update] | Saving last.
2026-09-22 16:45:12,582 - INFO - game_screen.py: 312 [update] | Saving last.
2026-09-22 16:45:12,590 - INFO - game_screen.py: 312 [update] | Saving last.
2026-09-22 16:45:12,597 - INFO - game_screen.py: 312 [update] | Saving last.
2026-09-22 16:45:12,605 - INFO - game_screen.py: 312 [update] | Saving last.
2026-09-22 16:45:12,612 - INFO - game_screen.py: 312 [update] | Saving last.
2026-09-22 16:45:12,620 - INFO - game_screen.py: 312 [update] | Saving last.
2026-09-22 16:45:12,627 - INFO - game_screen.py: 312 [update] | Saving last.
2026-09-22 16:45:12,634 - INFO - game_screen.py: 312 [update] | Saving last.
2026-09-22 16:45:12,641 - INFO - game_screen.py: 312 [update] | Saving last.
2026-09-22 16:45:12,648 - INFO - game_screen.py: 312 [update] | Saving last.
2026-09-22 16:45:12,656 - INFO - game_screen.py: 312 [update] | Saving last.
2026-09-22 16:45:12,663 - INFO - game_screen.py: 312 [update] | Saving last.
2026-09-22 16:45:12,671 - INFO - game_screen.py: 312 [update] | Saving last.
2026-09-22 16:45:12,678 - INFO - game_screen.py: 312 [update] | Saving last.
2026-09-22 16:45:12,685 - INFO - game_screen.py: 312 [update] | Saving last.
2026-09-22 16:45:12,693 - INFO - game_screen.py: 312 [update] | Saving last.
2026-09-22 16:45:12,700 - INFO - game_screen.py: 312 [update] | Saving last.
2026-09-22 16:45:12,707 - INFO - game_screen.py: 312 [update] | Saving last.
2026-09-22 16:45:12,714 - INFO - game_screen.py: 312 [update] | Saving last.
2026-09-22 16:45:12,722 - INFO - game_screen.py: 312 [update] | Saving last.
2026-09-22 16:45:12,729 - INFO - game_screen.py: 312 [update] | Saving last.
2026-09-22 16:45:12,737 - INFO - game_screen.py: 312 [update] | Saving last.
2026-09-22 16:45:12,744 - INFO - game_screen.py: 312 [update] | Saving last.
2026-09-22 16:45:12,751 - INFO - game_screen.py: 312 [update] | Saving last.
2026-09-22 16:45:12,758 - INFO - game_screen.py: 312 [update] | Saving last.
2026-09-22 16:45:12,766 - INFO - game_screen.py: 312 [update] | Saving last.
2026-09-22 16:45:12,773 - INFO - game_screen.py: 312 [update] | Saving last.
2026-09-22 16:45:12,781 - INFO - game_screen.py: 312 [update] | Saving last.
2026-09-22 16:45:12,788 - INFO - game_screen.py: 312 [update] | Saving last.
2026-09-22 16:45:12,795 - INFO - game_screen.py: 312 [update] | Saving last.
2026-09-22 16:45:12,803 - INFO - game_screen.py: 312 [update] | Saving last.
2026-09-22 16:45:12,810 - INFO - game_screen.py: 312 [update] | Saving last.
2026-09-22 16:45:12,817 - INFO - game_screen.py: 312 [update] | Saving last.
2026-09-22 16:45:12,825 - INFO - game_screen.py: 312 [update] | Saving last.
2026-09-22 16:45:12,832 - INFO - game_screen.py: 312 [update] | Saving last.
2026-09-22 16:45:12,839 - INFO - game_screen.py: 312 [update] | Saving last.
2026-09-22 16:45:12,847 - INFO - game_screen.py: 312 [update] | Saving last.
2026-09-22 16:45:12,854 - INFO - game_screen.py: 312 [update] | Saving last.
2026-09-22 16:45:12,862 - INFO - game_screen.py: 312 [update] | Saving last.
2026-09-22 16:45:12,869 - INFO - game_screen.py: 312 [update] | Saving last.
2026-09-22 16:45:12,876 - INFO - game_screen.py: 312 [update] | Saving last.
2026-09-22 16:45:12,884 - INFO - game_screen.py: 312 [update] | Saving last.
2026-09-22 16:45:12,893 - INFO - game_screen.py: 312 [update] | Saving last.
2026-09-22 16:45:12,900 - INFO - game_screen.py: 312 [update] | Saving last.
2026-09-22 16:45:12,909 - INFO - game_screen.py: 312 [update] | Saving last.
2026-09-22 16:45:12,917 - INFO - game_screen.py: 312 [update] | Saving last.
2026-09-22 16:45:12,926 - INFO - game_screen.py: 312 [update] | Saving last.
2026-09-22 16:45:12,933 - INFO - game_screen.py: 312 [update] | Saving last.
2026-09-22 16:45:12,941 - INFO - game_screen.py: 312 [update] | Saving last.
2026-09-22 16:45:12,948 - INFO - game_screen.py: 312 [update] | Saving last.
2026-09-22 16:45:12,956 - INFO - game_screen.py: 312 [update] | Saving last.
2026-09-22 16:45:12,963 - INFO - game_screen.py: 312 [update] | Saving last.
2026-09-22 16:45:12,970 - INFO - game_screen.py: 312 [update] | Saving last.
2026-09-22 16:45:12,977 - INFO - game_screen.py: 312 [update] | Saving last.
2026-09-22 16:45:12,985 - INFO - game_screen.py: 312 [update] | Saving last.
2026-09-22 16:45:12,992 - INFO - game_screen.py: 312 [update] | Saving last.
2026-09-22 16:45:12,999 - INFO - game_screen.py: 312 [update] | Saving last.
2026-09-22 16:45:13,007 - INFO - game_screen.py: 312 [update] | Saving last.
2026-09-22 16:45:13,014 - INFO - game_screen.py: 312 [update] | Saving last.
2026-09-22 16:45:13,022 - INFO - game_screen.py: 312 [update] | Saving last.
2026-09-22 16:45:13,029 - INFO - game_screen.py: 312 [update] | Saving last.
2026-09-22 16:45:13,037 - INFO - game_screen.py: 312 [update] | Saving last.
2026-09-22 16:45:13,044 - INFO - game_screen.py: 312 [update] | Saving last.
2026-09-22 16:45:13,051 - INFO - game_screen.py: 312 [update] | Saving last.
2026-09-22 16:45:13,059 - INFO - game_screen.py: 312 [update] | Saving last.
2026-09-22 16:45:13,066 - INFO - game_screen.py: 312 [update] | Saving last.
2026-09-22 16:45:13,074 - INFO - game_screen.py: 312 [update] | Saving last.
2026-09-22 16:45:13,082 - INFO - game_screen.py: 312 [update] | Saving last.
2026-09-22 16:45:13,090 - INFO - game_screen.py: 312 [update] | Saving last.
2026-09-22 16:45:13,097 - INFO - game_screen.py: 312 [update] | Saving last.
2026-09-22 16:45:13,105 - INFO - game_screen.py: 312 [update] | Saving last.
2026-09-22 16:45:13,112 - INFO - game_screen.py: 312 [update] | Saving last.
2026-09-22 16:45:13,120 - INFO - game_screen.py: 312 [update] | Saving last.
2026-09-22 16:45:13,127 - INFO - game_screen.py: 312 [update] | Saving last.
2026-09-22 16:45:13,134 - INFO - game_screen.py: 312 [update] | Saving last.
2026-09-22 16:45:13,142 - INFO - game_screen.py: 312 [update] | Saving last.
2026-09-22 16:45:13,149 - INFO - game_screen.py: 312 [update] | Saving last.
2026-09-22 16:45:13,157 - INFO - game_screen.py: 312 [update] | Saving last.
2026-09-22 16:45:13,164 - INFO - game_screen.py: 312 [update] | Saving last.
2026-09-22 16:45:13,172 - INFO - game_screen.py: 312 [update] | Saving last.
2026-09-22 16:45:13,179 - INFO - game_screen.py: 312 [update] | Saving last.
2026-09-22 16:45:13,187 - INFO - game_screen.py: 312 [update] | Saving last.
2026-09-22 16:45:13,194 - INFO - game_screen.py: 312 [update] | Saving last.
2026-09-22 16:45:13,202 - INFO - game_screen.py: 312 [update] | Saving last.
2026-09-22 16:45:13,209 - INFO - game_screen.py: 312 [update] | Saving last.
2026-09-22 16:45:13,216 - INFO - game_screen.py: 312 [update] | Saving last.
2026-09-22 16:45:13,224 - INFO - game_screen.py: 312 [update] | Saving last.
2026-09-22 16:45:13,231 - INFO - game_screen.py: 312 [update] | Saving last.
2026-09-22 16:45:13,239 - INFO - game_screen.py: 312 [update] | Saving last.
2026-09-22 16:45:13,246 - INFO - game_screen.py: 312 [update] | Saving last.
2026-09-22 16:45:13,254 - INFO - game_screen.py: 312 [update] | Saving last.
2026-09-22 16:45:13,261 - INFO - game_screen.py: 312 [update] | Saving last.
2026-09-22 16:45:13,269 - INFO - game_screen.py: 312 [update] | Saving last.
2026-09-22 16:45:13,276 - INFO - game_screen.py: 312 [update] | Saving last.
2026-09-22 16:45:13,284 - INFO - game_screen.py: 312 [update] | Saving last.
2026-09-22 16:45:13,292 - INFO - game_screen.py: 312 [update] | Saving last.
2026-09-22 16:45:13,299 - INFO - game_screen.py: 312 [update] | Saving last.
2026-09-22 16:45:13,306 - INFO - game_screen.py: 312 [update] | Saving last.
2026-09-22 16:45:13,314 - INFO - game_screen.py: 312 [update] | Saving last.
2026-09-22 16:45:13,321 - INFO - game_screen.py: 312 [update] | Saving last.
2026-09-22 16:45:13,328 - INFO - game_screen.py: 312 [update] | Saving last.
2026-09-22 16:45:13,336 - INFO - game_screen.py: 312 [update] | Saving last.
2026-09-22 16:45:13,343 - INFO - game_screen.py: 312 [update] | Saving last.
2026-09-22 16:45:13,351 - INFO - game_screen.py: 312 [update] | Saving last.
2026-09-22 16:45:13,358 - INFO - game_screen.py: 312 [update] | Saving last.
2026-09-22 16:45:13,365 - INFO - game_screen.py: 312 [update] | Saving last.
2026-09-22 16:45:13,373 - INFO - game_screen.py: 312 [update] | Saving last.
2026-09-22 16:45:13,380 - INFO - game_screen.py: 312 [update] | Saving last.
2026-09-22 16:45:13,389 - INFO - game_screen.py: 312 [update] | Saving last.
2026-09-22 16:45:13,396 - INFO - game_screen.py: 312 [update] | Saving last.
2026-09-22 16:45:13,404 - INFO - game_screen.py: 312 [update] | Saving last.
2026-09-22 16:45:13,411 - INFO - game_screen.py: 312 [update] | Saving last.
2026-09-22 16:45:13,419 - INFO - game_screen.py: 312 [update] | Saving last.
2026-09-22 16:45:13,426 - INFO - game_screen.py: 312 [update] | Saving last.
2026-09-22 16:45:13,434 - INFO - game_screen.py: 312 [update] | Saving last.
2026-09-22 16:45:13,441 - INFO - game_screen.py: 312 [update] | Saving last.
2026-09-22 16:45:13,448 - INFO - game_screen.py: 312 [update] | Saving last.
2026-09-22 16:45:13,456 - INFO - game_screen.py: 312 [update] | Saving last.
2026-09-22 16:45:13,464 - INFO - game_screen.py: 312 [update] | Saving last.
2026-09-22 16:45:13,471 - INFO - game_screen.py: 312 [update] | Saving last.
2026-09-22 16:45:13,478 - INFO - game_screen.py: 312 [update] | Saving last.
2026-09-22 16:45:13,486 - INFO - game_screen.py: 312 [update] | Saving last.
2026-09-22 16:45:13,493 - INFO - game_screen.py: 312 [update] | Saving last.
2026-09-22 16:45:13,501 - INFO - game_screen.py: 312 [update] | Saving last.
2026-09-22 16:45:13,508 - INFO - game_screen.py: 312 [update] | Saving last.
2026-09-22 16:45:13,515 - INFO - game_screen.py: 312 [update] | Saving last.
2026-09-22 16:45:13,523 - INFO - game_screen.py: 312 [update] | Saving last.
2026-09-22 16:45:13,530 - INFO - game_screen.py: 312 [update] | Saving last.
2026-09-22 16:45:13,538 - INFO - game_screen.py: 312 [update] | Saving last.
2026-09-22 16:45:13,545 - INFO - game_screen.py: 312 [update] | Saving last.
2026-09-22 16:45:13,552 - INFO - game_screen.py: 312 [update] | Saving last.
2026-09-22 16:45:13,560 - INFO - game_screen.py: 312 [update] | Saving last.
2026-09-22 16:45:13,567 - INFO - game_screen.py: 312 [update] | Saving last.
2026-09-22 16:45:13,575 - INFO - game_screen.py: 312 [update] | Saving last.
2026-09-22 16:45:13,582 - INFO - game_screen.py: 312 [update] | Saving last.
2026-09-22 16:45:13,590 - INFO - game_screen.py: 312 [update] | Saving last.
2026-09-22 16:45:13,597 - INFO - game_screen.py: 312 [update] | Saving last.
2026-09-22 16:45:13,604 - INFO - game_screen.py: 312 [update] | Saving last.
2026-09-22 16:45:13,612 - INFO - game_screen.py: 312 [update] | Saving last.
2026-09-22 16:45:13,619 - INFO - game_screen.py: 312 [update] | Saving last.
2026-09-22 16:45:13,627 - INFO - game_screen.py: 312 [update] | Saving last.
2026-09-22 16:45:13,634 - INFO - game_screen.py: 312 [update] | Saving last.
2026-09-22 16:45:13,641 - INFO - game_screen.py: 312 [update] | Saving last.
2026-09-22 16:45:13,648 - INFO - game_screen.py: 312 [update] | Saving last.
2026-09-22 16:45:13,656 - INFO - game_screen.py: 312 [update] | Saving last.
2026-09-22 16:45:13,663 - INFO - game_screen.py: 312 [update] | Saving last.
2026-09-22 16:45:13,671 - INFO - game_screen.py: 312 [update] | Saving last.
2026-09-22 16:45:13,678 - INFO - game_screen.py: 312 [update] | Saving last.
2026-09-22 16:45:13,686 - INFO - game_screen.py: 312 [update] | Saving last.
2026-09-22 16:45:13,693 - INFO - game_screen.py: 312 [update] | Saving last.
2026-09-22 16:45:13,701 - INFO - game_screen.py: 312 [update] | Saving last.
2026-09-22 16:45:13,708 - INFO - game_screen.py: 312 [update] | Saving last.
2026-09-22 16:45:13,716 - INFO - game_screen.py: 312 [update] | Saving last.
2026-09-22 16:45:13,724 - INFO - game_screen.py: 312 [update] | Saving last.
2026-09-22 16:45:13,731 - INFO - game_screen.py: 312 [update] | Saving last.
2026-09-22 16:45:13,738 - INFO - game_screen.py: 312 [update] | Saving last.
2026-09-22 16:45:13,746 - INFO - game_screen.py: 312 [update] | Saving last.
2026-09-22 16:45:13,753 - INFO - game_screen.py: 312 [update] | Saving last.
2026-09-22 16:45:13,761 - INFO - game_screen.py: 312 [update] | Saving last.
2026-09-22 16:45:13,768 - INFO - game_screen.py: 312 [update] | Saving last.
2026-09-22 16:45:13,775 - INFO - game_screen.py: 312 [update] | Saving last.
2026-09-22 16:45:13,782 - INFO - game_screen.py: 312 [update] | Saving last.
2026-09-22 16:45:13,790 - INFO - game_screen.py: 312 [update] | Saving last.
2026-09-22 16:45:13,797 - INFO - game_screen.py: 312 [update] | Saving last.
2026-09-22 16:45:13,805 - INFO - game_screen.py: 312 [update] | Saving last.
2026-09-22 16:45:13,812 - INFO - game_screen.py: 312 [update] | Saving last.
2026-09-22 16:45:13,819 - INFO - game_screen.py: 312 [update] | Saving last.
2026-09-22 16:45:13,827 - INFO - game_screen.py: 312 [update] | Saving last.
2026-09-22 16:45:13,834 - INFO - game_screen.py: 312 [update] | Saving last.
2026-09-22 16:45:13,842 - INFO - game_screen.py: 312 [update] | Saving last.
2026-09-22 16:45:13,849 - INFO - game_screen.py: 312 [update] | Saving last.
2026-09-22 16:45:13,857 - INFO - game_screen.py: 312 [update] | Saving last.
2026-09-22 16:45:13,864 - INFO - game_screen.py: 312 [update] | Saving last.
2026-09-22 16:45:13,871 - INFO - game_screen.py: 312 [update] | Saving last.
2026-09-22 16:45:13,879 - INFO - game_screen.py: 312 [update] | Saving last.
2026-09-22 16:45:13,886 - INFO - game_screen.py: 312 [update] | Saving last.
2026-09-22 16:45:13,893 - INFO - game_screen.py: 312 [update] | Saving last.
2026-09-22 16:45:13,900 - INFO - game_screen.py: 312 [update] | Saving last.
2026-09-22 16:45:13,908 - INFO - game_screen.py: 312 [update] | Saving last.
2026-09-22 16:45:13,915 - INFO - game_screen.py: 312 [update] | Saving last.
2026-09-22 16:45:13,923 - INFO - game_screen.py: 312 [update] | Saving last.
2026-09-22 16:45:13,930 - INFO - game_screen.py: 312 [update] | Saving last.
2026-09-22 16:45:13,937 - INFO - game_screen.py: 312 [update] | Saving last.
2026-09-22 16:45:13,945 - INFO - game_screen.py: 312 [update] | Saving last.
2026-09-22 16:45:13,952 - INFO - game_screen.py: 312 [update] | Saving last.
2026-09-22 16:45:13,960 - INFO - game_screen.py: 312 [update] | Saving last.
2026-09-22 16:45:13,967 - INFO - game_screen.py: 312 [update] | Saving last.
2026-09-22 16:45:13,975 - INFO - game_screen.py: 312 [update] | Saving last.
2026-09-22 16:45:13,982 - INFO - game_screen.py: 312 [update] | Saving last.
2026-09-22 16:45:13,989 - INFO - game_screen.py: 312 [update] | Saving last.
2026-09-22 16:45:13,997 - INFO - game_screen.py: 312 [update] | Saving last.
2026-09-22 16:45:14,004 - INFO - game_screen.py: 312 [update] | Saving last.
2026-09-22 16:45:14,012 - INFO - game_screen.py: 312 [update] | Saving last.
2026-09-22 16:45:14,019 - INFO - game_screen.py: 312 [update] | Saving last.
2026-09-22 16:45:14,027 - INFO - game_screen.py: 312 [update] | Saving last.
2026-09-22 16:45:14,034 - INFO - game_screen.py: 312 [update] | Saving last.
2026-09-22 16:45:14,041 - INFO - game_screen.py: 312 [update] | Saving last.
2026-09-22 16:45:14,049 - INFO - game_screen.py: 312 [update] | Saving last.
2026-09-22 16:45:14,056 - INFO - game_screen.py: 312 [update] | Saving last.
2026-09-22 16:45:14,064 - INFO - game_screen.py: 312 [update] | Saving last.
2026-09-22 16:45:14,071 - INFO - game_screen.py: 312 [update] | Saving last.
2026-09-22 16:45:14,078 - INFO - game_screen.py: 312 [update] | Saving last.
2026-09-22 16:45:14,086 - INFO - game_screen.py: 312 [update] | Saving last.
2026-09-22 16:45:14,093 - INFO - game_screen.py: 312 [update] | Saving last.
2026-09-22 16:45:14,101 - INFO - game_screen.py: 312 [update] | Saving last.
2026-09-22 16:45:14,108 - INFO - game_screen.py: 312 [update] | Saving last.
2026-09-22 16:45:14,116 - INFO - game_screen.py: 312 [update] | Saving last.
2026-09-22 16:45:14,123 - INFO - game_screen.py: 312 [update] | Saving last.
2026-09-22 16:45:14,131 - INFO - game_screen.py: 312 [update] | Saving last.
2026-09-22 16:45:14,138 - INFO - game_screen.py: 312 [update] | Saving last.
2026-09-22 16:45:14,145 - INFO - game_screen.py: 312 [update] | Saving last.
2026-09-22 16:45:14,153 - INFO - game_screen.py: 312 [update] | Saving last.
2026-09-22 16:45:14,160 - INFO - game_screen.py: 312 [update] | Saving last.
2026-09-22 16:45:14,168 - INFO - game_screen.py: 312 [update] | Saving last.
2026-09-22 16:45:14,175 - INFO - game_screen.py: 312 [update] | Saving last.
2026-09-22 16:45:14,182 - INFO - game_screen.py: 312 [update] | Saving last.
2026-09-22 16:45:14,190 - INFO - game_screen.py: 312 [update] | Saving last.
2026-09-22 16:45:14,197 - INFO - game_screen.py: 312 [update] | Saving last.
2026-09-22 16:45:14,205 - INFO - game_screen.py: 312 [update] | Saving last.
2026-09-22 16:45:14,212 - INFO - game_screen.py: 312 [update] | Saving last.
2026-09-22 16:45:14,220 - INFO - game_screen.py: 312 [update] | Saving last.
2026-09-22 16:45:14,227 - INFO - game_screen.py: 312 [update] | Saving last.
2026-09-22 16:45:14,235 - INFO - game_screen.py: 312 [update] | Saving last.
2026-09-22 16:45:14,242 - INFO - game_screen.py: 312 [update] | Saving last.
2026-09-22 16:45:14,250 - INFO - game_screen.py: 312 [update] | Saving last.
2026-09-22 16:45:14,257 - INFO - game_screen.py: 312 [update] | Saving last.
2026-09-22 16:45:14,264 - INFO - game_screen.py: 312 [update] | Saving last.
2026-09-22 16:45:14,272 - INFO - game_screen.py: 312 [update] | Saving last.
2026-09-22 16:45:14,279 - INFO - game_screen.py: 312 [update] | Saving last.
2026-09-22 16:45:14,286 - INFO - game_screen.py: 312 [update] | Saving last.
2026-09-22 16:45:14,294 - INFO - game_screen.py: 312 [update] | Saving last.
2026-09-22 16:45:14,301 - INFO - game_screen.py: 312 [update] | Saving last.
2026-09-22 16:45:14,309 - INFO - game_screen.py: 312 [update] | Saving last.
2026-09-22 16:45:14,316 - INFO - game_screen.py: 312 [update] | Saving last.
2026-09-22 16:45:14,324 - INFO - game_screen.py: 312 [update] | Saving last.
2026-09-22 16:45:14,331 - INFO - game_screen.py: 312 [update] | Saving last.
2026-09-22 16:45:14,338 - INFO - game_screen.py: 312 [update] | Saving last.
2026-09-22 16:45:14,345 - INFO - game_screen.py: 312 [update] | Saving last.
2026-09-22 16:45:14,353 - INFO - game_screen.py: 312 [update] | Saving last.
2026-09-22 16:45:14,360 - INFO - game_screen.py: 312 [update] | Saving last.
2026-09-22 16:45:14,367 - INFO - game_screen.py: 312 [update] | Saving last.
2026-09-22 16:45:14,375 - INFO - game_screen.py: 312 [update] | Saving last.
2026-09-22 16:45:14,382 - INFO - game_screen.py: 312 [update] | Saving last.
2026-09-22 16:45:14,390 - INFO - game_screen.py: 312 [update] | Saving last.
2026-09-22 16:45:14,397 - INFO - game_screen.py: 312 [update] | Saving last.
2026-09-22 16:45:14,405 - INFO - game_screen.py: 312 [update] | Saving last.
2026-09-22 16:45:14,412 - INFO - game_screen.py: 312 [update] | Saving last.
2026-09-22 16:45:14,419 - INFO - game_screen.py: 312 [update] | Saving last.
2026-09-22 16:45:14,427 - INFO - game_screen.py: 312 [update] | Saving last.
2026-09-22 16:45:14,434 - INFO - game_screen.py: 312 [update] | Saving last.
2026-09-22 16:45:14,442 - INFO - game_screen.py: 312 [update] | Saving last.
2026-09-22 16:45:14,449 - INFO - game_screen.py: 312 [update] | Saving last.
2026-09-22 16:45:14,457 - INFO - game_screen.py: 312 [update] | Saving last.
2026-09-22 16:45:14,464 - INFO - game_screen.py: 312 [update] | Saving last.
2026-09-22 16:45:14,472 - INFO - game_screen.py: 312 [update] | Saving last.
2026-09-22 16:45:14,479 - INFO - game_screen.py: 312 [update] | Saving last.
2026-09-22 16:45:14,486 - INFO - game_screen.py: 312 [update] | Saving last.
2026-09-22 16:45:14,494 - INFO - game_screen.py: 312 [update] | Saving last.
2026-09-22 16:45:14,501 - INFO - game_screen.py: 312 [update] | Saving last.
2026-09-22 16:45:14,509 - INFO - game_screen.py: 312 [update] | Saving last.
2026-09-22 16:45:14,516 - INFO - game_screen.py: 312 [update] | Saving last.
2026-09-22 16:45:14,524 - INFO - game_screen.py: 312 [update] | Saving last.
2026-09-22 16:45:14,531 - INFO - game_screen.py: 312 [update] | Saving last.
2026-09-22 16:45:14,539 - INFO - game_screen.py: 312 [update] | Saving last.
2026-09-22 16:45:14,546 - INFO - game_screen.py: 312 [update] | Saving last.
2026-09-22 16:45:14,554 - INFO - game_screen.py: 312 [update] | Saving last.
2026-09-22 16:45:14,561 - INFO - game_screen.py: 312 [update] | Saving last.
2026-09-22 16:45:14,569 - INFO - game_screen.py: 312 [update] | Saving last.
2026-09-22 16:45:14,576 - INFO - game_screen.py: 312 [update] | Saving last.
2026-09-22 16:45:14,584 - INFO - game_screen.py: 312 [update] | Saving last.
2026-09-22 16:45:14,591 - INFO - game_screen.py: 312 [update] | Saving last.
2026-09-22 16:45:14,598 - INFO - game_screen.py: 312 [update] | Saving last.
2026-09-22 16:45:14,606 - INFO - game_screen.py: 312 [update] | Saving last.
2026-09-22 16:45:14,613 - INFO - game_screen.py: 312 [update] | Saving last.
2026-09-22 16:45:14,621 - INFO - game_screen.py: 312 [update] | Saving last.
2026-09-22 16:45:14,628 - INFO - game_screen.py: 312 [update] | Saving last.
2026-09-22 16:45:14,635 - INFO - game_screen.py: 312 [update] | Saving last.
2026-09-22 16:45:14,643 - INFO - game_screen.py: 312 [update] | Saving last.
2026-09-22 16:45:14,650 - INFO - game_screen.py: 312 [update] | Saving last.
2026-09-22 16:45:14,658 - INFO - game_screen.py: 312 [update] | Saving last.
2026-09-22 16:45:14,666 - INFO - game_screen.py: 312 [update] | Saving last.
2026-09-22 16:45:14,673 - INFO - game_screen.py: 312 [update] | Saving last.
2026-09-22 16:45:14,681 - INFO - game_screen.py: 312 [update] | Saving last.
2026-09-22 16:45:14,688 - INFO - game_screen.py: 312 [update] | Saving last.
2026-09-22 16:45:14,696 - INFO - game_screen.py: 312 [update] | Saving last.
2026-09-22 16:45:14,703 - INFO - game_screen.py: 312 [update] | Saving last.
2026-09-22 16:45:14,711 - INFO - game_screen.py: 312 [update] | Saving last.
2026-09-22 16:45:14,718 - INFO - game_screen.py: 312 [update] | Saving last.
2026-09-22 16:45:14,726 - INFO - game_screen.py: 312 [update] | Saving last.
2026-09-22 16:45:14,733 - INFO - game_screen.py: 312 [update] | Saving last.
2026-09-22 16:45:14,741 - INFO - game_screen.py: 312 [update] | Saving last.
2026-09-22 16:45:14,748 - INFO - game_screen.py: 312 [update] | Saving last.
2026-09-22 16:45:14,756 - INFO - game_screen.py: 312 [update] | Saving last.
2026-09-22 16:45:14,764 - INFO - game_screen.py: 312 [update] | Saving last.
2026-09-22 16:45:14,772 - INFO - game_screen.py: 312 [update] | Saving last.
2026-09-22 16:45:14,779 - INFO - game_screen.py: 312 [update] | Saving last.
2026-09-22 16:45:14,790 - INFO - game_screen.py: 312 [update] | Saving last.
2026-09-22 16:45:14,798 - INFO - game_screen.py: 312 [update] | Saving last.
2026-09-22 16:45:14,805 - INFO - game_screen.py: 312 [update] | Saving last.
2026-09-22 16:45:14,813 - INFO - game_screen.py: 312 [update] | Saving last.
2026-09-22 16:45:14,820 - INFO - game_screen.py: 312 [update] | Saving last.
2026-09-22 16:45:14,828 - INFO - game_screen.py: 312 [update] | Saving last.
2026-09-22 16:45:14,835 - INFO - game_screen.py: 312 [update] | Saving last.
2026-09-22 16:45:14,843 - INFO - game_screen.py: 312 [update] | Saving last.
2026-09-22 16:45:14,850 - INFO - game_screen.py: 312 [update] | Saving last.
2026-09-22 16:45:14,857 - INFO - game_screen.py: 312 [update] | Saving last.
2026-09-22 16:45:14,865 - INFO - game_screen.py: 312 [update] | Saving last.
2026-09-22 16:45:14,872 - INFO - game_screen.py: 312 [update] | Saving last.
2026-09-22 16:45:14,880 - INFO - game_screen.py: 312 [update] | Saving last.
2026-09-22 16:45:14,888 - INFO - game_screen.py: 312 [update] | Saving last.
2026-09-22 16:45:14,896 - INFO - game_screen.py: 312 [update] | Saving last.
2026-09-22 16:45:14,904 - INFO - game_screen.py: 312 [update] | Saving last.
2026-09-22 16:45:14,912 - INFO - game_screen.py: 312 [update] | Saving last.
2026-09-22 16:45:14,920 - INFO - game_screen.py: 312 [update] | Saving last.
2026-09-22 16:45:14,928 - INFO - game_screen.py: 312 [update] | Saving last.
2026-09-22 16:45:14,936 - INFO - game_screen.py: 312 [update] | Saving last.
2026-09-22 16:45:14,945 - INFO - game_screen.py: 312 [update] | Saving last.
2026-09-22 16:45:14,953 - INFO - game_screen.py: 312 [update] | Saving last.
2026-09-22 16:45:14,961 - INFO - game_screen.py: 312 [update] | Saving last.
2026-09-22 16:45:14,969 - INFO - game_screen.py: 312 [update] | Saving last.
2026-09-22 16:45:14,977 - INFO - game_screen.py: 312 [update] | Saving last.
2026-09-22 16:45:14,985 - INFO - game_screen.py: 312 [update] | Saving last.
2026-09-22 16:45:14,994 - INFO - game_screen.py: 312 [update] | Saving last.
2026-09-22 16:45:15,002 - INFO - game_screen.py: 312 [update] | Saving last.
2026-09-22 16:45:15,010 - INFO - game_screen.py: 312 [update] | Saving last.
2026-09-22 16:45:15,018 - INFO - game_screen.py: 312 [update] | Saving last.
2026-09-22 16:45:15,026 - INFO - game_screen.py: 312 [update] | Saving last.
2026-09-22 16:45:15,034 - INFO - game_screen.py: 312 [update] | Saving last.
2026-09-22 16:45:15,042 - INFO - game_screen.py: 312 [update] | Saving last.
2026-09-22 16:45:15,050 - INFO - game_screen.py: 312 [update] | Saving last.
2026-09-22 16:45:15,059 - INFO - game_screen.py: 312 [update] | Saving last.
2026-09-22 16:45:15,066 - INFO - game_screen.py: 312 [update] | Saving last.
2026-09-22 16:45:15,075 - INFO - game_screen.py: 312 [update] | Saving last.
2026-09-22 16:45:15,083 - INFO - game_screen.py: 312 [update] | Saving last.
2026-09-22 16:45:15,091 - INFO - game_screen.py: 312 [update] | Saving last.
2026-09-22 16:45:15,099 - INFO - game_screen.py: 312 [update] | Saving last.
2026-09-22 16:45:15,107 - INFO - game_screen.py: 312 [update] | Saving last.
2026-09-22 16:45:15,115 - INFO - game_screen.py: 312 [update] | Saving last.
2026-09-22 16:45:15,123 - INFO - game_screen.py: 312 [update] | Saving last.
2026-09-22 16:45:15,131 - INFO - game_screen.py: 312 [update] | Saving last.
2026-09-22 16:45:15,139 - INFO - game_screen.py: 312 [update] | Saving last.
2026-09-22 16:45:15,147 - INFO - game_screen.py: 312 [update] | Saving last.
2026-09-22 16:45:15,155 - INFO - game_screen.py: 312 [update] | Saving last.
2026-09-22 16:45:15,163 - INFO - game_screen.py: 312 [update] | Saving last.
2026-09-22 16:45:15,171 - INFO - game_screen.py: 312 [update] | Saving last.
2026-09-22 16:45:15,180 - INFO - game_screen.py: 312 [update] | Saving last.
2026-09-22 16:45:15,187 - INFO - game_screen.py: 312 [update] | Saving last.
2026-09-22 16:45:15,196 - INFO - game_screen.py: 312 [update] | Saving last.
2026-09-22 16:45:15,204 - INFO - game_screen.py: 312 [update] | Saving last.
2026-09-22 16:45:15,212 - INFO - game_screen.py: 312 [update] | Saving last.
2026-09-22 16:45:15,220 - INFO - game_screen.py: 312 [update] | Saving last.
2026-09-22 16:45:15,228 - INFO - game_screen.py: 312 [update] | Saving last.
2026-09-22 16:45:15,236 - INFO - game_screen.py: 312 [update] | Saving last.
2026-09-22 16:45:15,244 - INFO - game_screen.py: 312 [update] | Saving last.
2026-09-22 16:45:15,252 - INFO - game_screen.py: 312 [update] | Saving last.
2026-09-22 16:45:15,260 - INFO - game_screen.py: 312 [update] | Saving last.
2026-09-22 16:45:15,268 - INFO - game_screen.py: 312 [update] | Saving last.
2026-09-22 16:45:15,277 - INFO - game_screen.py: 312 [update] | Saving last.
2026-09-22 16:45:15,285 - INFO - game_screen.py: 312 [update] | Saving last.
2026-09-22 16:45:15,293 - INFO - game_screen.py: 312 [update] | Saving last.
2026-09-22 16:45:15,300 - INFO - game_screen.py: 312 [update] | Saving last.
2026-09-22 16:45:15,308 - INFO - game_screen.py: 312 [update] | Saving last.
2026-09-22 16:45:15,315 - INFO - game_screen.py: 312 [update] | Saving last.
2026-09-22 16:45:15,322 - INFO - game_screen.py: 312 [update] | Saving last.
2026-09-22 16:45:15,330 - INFO - game_screen.py: 312 [update] | Saving last.
2026-09-22 16:45:15,337 - INFO - game_screen.py: 312 [update] | Saving last.
2026-09-22 16:45:15,346 - INFO - game_screen.py: 312 [update] | Saving last.
2026-09-22 16:45:15,353 - INFO - game_screen.py: 312 [update] | Saving last.
2026-09-22 16:45:15,361 - INFO - game_screen.py: 312 [update] | Saving last.
2026-09-22 16:45:15,368 - INFO - game_screen.py: 312 [update] | Saving last.
2026-09-22 16:45:15,376 - INFO - game_screen.py: 312 [update] | Saving last.
2026-09-22 16:45:15,383 - INFO - game_screen.py: 312 [update] | Saving last.
2026-09-22 16:45:15,391 - INFO - game_screen.py: 312 [update] | Saving last.
2026-09-22 16:45:15,398 - INFO - game_screen.py: 312 [update] | Saving last.
2026-09-22 16:45:15,405 - INFO - game_screen.py: 312 [update] | Saving last.
2026-09-22 16:45:15,413 - INFO - game_screen.py: 312 [update] | Saving last.
2026-09-22 16:45:15,420 - INFO - game_screen.py: 312 [update] | Saving last.
2026-09-22 16:45:15,428 - INFO - game_screen.py: 312 [update] | Saving last.
2026-09-22 16:45:15,435 - INFO - game_screen.py: 312 [update] | Saving last.
2026-09-22 16:45:15,443 - INFO - game_screen.py: 312 [update] | Saving last.
2026-09-22 16:45:15,450 - INFO - game_screen.py: 312 [update] | Saving last.
2026-09-22 16:45:15,458 - INFO - game_screen.py: 312 [update] | Saving last.
2026-09-22 16:45:15,466 - INFO - game_screen.py: 312 [update] | Saving last.
2026-09-22 16:45:15,473 - INFO - game_screen.py: 312 [update] | Saving last.
2026-09-22 16:45:15,481 - INFO - game_screen.py: 312 [update] | Saving last.
2026-09-22 16:45:15,488 - INFO - game_screen.py: 312 [update] | Saving last.
2026-09-22 16:45:15,496 - INFO - game_screen.py: 312 [update] | Saving last.
2026-09-22 16:45:15,503 - INFO - game_screen.py: 312 [update] | Saving last.
2026-09-22 16:45:15,511 - INFO - game_screen.py: 312 [update] | Saving last.
2026-09-22 16:45:15,518 - INFO - game_screen.py: 312 [update] | Saving last.
2026-09-22 16:45:15,526 - INFO - game_screen.py: 312 [update] | Saving last.
2026-09-22 16:45:15,533 - INFO - game_screen.py: 312 [update] | Saving last.
2026-09-22 16:45:15,541 - INFO - game_screen.py: 312 [update] | Saving last.
2026-09-22 16:45:15,549 - INFO - game_screen.py: 312 [update] | Saving last.
2026-09-22 16:45:15,556 - INFO - game_screen.py: 312 [update] | Saving last.
2026-09-22 16:45:15,564 - INFO - game_screen.py: 312 [update] | Saving last.
2026-09-22 16:45:15,571 - INFO - game_screen.py: 312 [update] | Saving last.
2026-09-22 16:45:15,579 - INFO - game_screen.py: 312 [update] | Saving last.
2026-09-22 16:45:15,586 - INFO - game_screen.py: 312 [update] | Saving last.
2026-09-22 16:45:15,594 - INFO - game_screen.py: 312 [update] | Saving last.
2026-09-22 16:45:15,601 - INFO - game_screen.py: 312 [update] | Saving last.
2026-09-22 16:45:15,608 - INFO - game_screen.py: 312 [update] | Saving last.
2026-09-22 16:45:15,616 - INFO - game_screen.py: 312 [update] | Saving last.
2026-09-22 16:45:15,625 - INFO - game_screen.py: 312 [update] | Saving last.
2026-09-22 16:45:15,633 - INFO - game_screen.py: 312 [update] | Saving last.
2026-09-22 16:45:15,640 - INFO - game_screen.py: 312 [update] | Saving last.
2026-09-22 16:45:15,648 - INFO - game_screen.py: 312 [update] | Saving last.
2026-09-22 16:45:15,655 - INFO - game_screen.py: 312 [update] | Saving last.
2026-09-22 16:45:15,662 - INFO - game_screen.py: 312 [update] | Saving last.
2026-09-22 16:45:15,670 - INFO - game_screen.py: 312 [update] | Saving last.
2026-09-22 16:45:15,677 - INFO - game_screen.py: 312 [update] | Saving last.
2026-09-22 16:45:15,685 - INFO - game_screen.py: 312 [update] | Saving last.
2026-09-22 16:45:15,692 - INFO - game_screen.py: 312 [update] | Saving last.
2026-09-22 16:45:15,700 - INFO - game_screen.py: 312 [update] | Saving last.
2026-09-22 16:45:15,707 - INFO - game_screen.py: 312 [update] | Saving last.
2026-09-22 16:45:15,715 - INFO - game_screen.py: 312 [update] | Saving last.
2026-09-22 16:45:15,722 - INFO - game_screen.py: 312 [update] | Saving last.
2026-09-22 16:45:15,730 - INFO - game_screen.py: 312 [update] | Saving last.
2026-09-22 16:45:15,737 - INFO - game_screen.py: 312 [update] | Saving last.
2026-09-22 16:45:15,745 - INFO - game_screen.py: 312 [update] | Saving last.
2026-09-22 16:45:15,752 - INFO - game_screen.py: 312 [update] | Saving last.
2026-09-22 16:45:15,760 - INFO - game_screen.py: 312 [update] | Saving last.
2026-09-22 16:45:15,767 - INFO - game_screen.py: 312 [update] | Saving last.
2026-09-22 16:45:15,774 - INFO - game_screen.py: 312 [update] | Saving last.
2026-09-22 16:45:15,782 - INFO - game_screen.py: 312 [update] | Saving last.
2026-09-22 16:45:15,789 - INFO - game_screen.py: 312 [update] | Saving last.
2026-09-22 16:45:15,797 - INFO - game_screen.py: 312 [update] | Saving last.
2026-09-22 16:45:15,804 - INFO - game_screen.py: 312 [update] | Saving last.
2026-09-22 16:45:15,812 - INFO - game_screen.py: 312 [update] | Saving last.
2026-09-22 16:45:15,819 - INFO - game_screen.py: 312 [update] | Saving last.
2026-09-22 16:45:15,827 - INFO - game_screen.py: 312 [update] | Saving last.
2026-09-22 16:45:15,834 - INFO - game_screen.py: 312 [update] | Saving last.
2026-09-22 16:45:15,842 - INFO - game_screen.py: 312 [update] | Saving last.
2026-09-22 16:45:15,849 - INFO - game_screen.py: 312 [update] | Saving last.
2026-09-22 16:45:15,856 - INFO - game_screen.py: 312 [update] | Saving last.
2026-09-22 16:45:15,864 - INFO - game_screen.py: 312 [update] | Saving last.
2026-09-22 16:45:15,871 - INFO - game_screen.py: 312 [update] | Saving last.
2026-09-22 16:45:15,880 - INFO - game_screen.py: 312 [update] | Saving last.
2026-09-22 16:45:15,887 - INFO - game_screen.py: 312 [update] | Saving last.
2026-09-22 16:45:15,896 - INFO - game_screen.py: 312 [update] | Saving last.
2026-09-22 16:45:15,903 - INFO - game_screen.py: 312 [update] | Saving last.
2026-09-22 16:45:15,912 - INFO - game_screen.py: 312 [update] | Saving last.
2026-09-22 16:45:15,919 - INFO - game_screen.py: 312 [update] | Saving last.
2026-09-22 16:45:15,928 - INFO - game_screen.py: 312 [update] | Saving last.
2026-09-22 16:45:15,935 - INFO - game_screen.py: 312 [update] | Saving last.
2026-09-22 16:45:15,944 - INFO - game_screen.py: 312 [update] | Saving last.
2026-09-22 16:45:15,952 - INFO - game_screen.py: 312 [update] | Saving last.
2026-09-22 16:45:15,960 - INFO - game_screen.py: 312 [update] | Saving last.
2026-09-22 16:45:15,968 - INFO - game_screen.py: 312 [update] | Saving last.
2026-09-22 16:45:15,976 - INFO - game_screen.py: 312 [update] | Saving last.
2026-09-22 16:45:15,984 - INFO - game_screen.py: 312 [update] | Saving last.
2026-09-22 16:45:15,993 - INFO - game_screen.py: 312 [update] | Saving last.
2026-09-22 16:45:16,000 - INFO - game_screen.py: 312 [update] | Saving last.
2026-09-22 16:45:16,008 - INFO - game_screen.py: 312 [update] | Saving last.
2026-09-22 16:45:16,015 - INFO - game_screen.py: 312 [update] | Saving last.
2026-09-22 16:45:16,022 - INFO - game_screen.py: 312 [update] | Saving last.
2026-09-22 16:45:16,030 - INFO - game_screen.py: 312 [update] | Saving last.
2026-09-22 16:45:16,037 - INFO - game_screen.py: 312 [update] | Saving last.
2026-09-22 16:45:16,045 - INFO - game_screen.py: 312 [update] | Saving last.
2026-09-22 16:45:16,052 - INFO - game_screen.py: 312 [update] | Saving last.
2026-09-22 16:45:16,060 - INFO - game_screen.py: 312 [update] | Saving last.
2026-09-22 16:45:16,067 - INFO - game_screen.py: 312 [update] | Saving last.
2026-09-22 16:45:16,074 - INFO - game_screen.py: 312 [update] | Saving last.
2026-09-22 16:45:16,082 - INFO - game_screen.py: 312 [update] | Saving last.
2026-09-22 16:45:16,089 - INFO - game_screen.py: 312 [update] | Saving last.
2026-09-22 16:45:16,096 - INFO - game_screen.py: 312 [update] | Saving last.
2026-09-22 16:45:16,104 - INFO - game_screen.py: 312 [update] | Saving last.
2026-09-22 16:45:16,111 - INFO - game_screen.py: 312 [update] | Saving last.
2026-09-22 16:45:16,119 - INFO - game_screen.py: 312 [update] | Saving last.
2026-09-22 16:45:16,126 - INFO - game_screen.py: 312 [update] | Saving last.
2026-09-22 16:45:16,133 - INFO - game_screen.py: 312 [update] | Saving last.
2026-09-22 16:45:16,140 - INFO - game_screen.py: 312 [update] | Saving last.
2026-09-22 16:45:16,148 - INFO - game_screen.py: 312 [update] | Saving last.
2026-09-22 16:45:16,155 - INFO - game_screen.py: 312 [update] | Saving last.
2026-09-22 16:45:16,163 - INFO - game_screen.py: 312 [update] | Saving last.
2026-09-22 16:45:16,170 - INFO - game_screen.py: 312 [update] | Saving last.
2026-09-22 16:45:16,178 - INFO - game_screen.py: 312 [update] | Saving last.
2026-09-22 16:45:16,185 - INFO - game_screen.py: 312 [update] | Saving last.
2026-09-22 16:45:16,192 - INFO - game_screen.py: 312 [update] | Saving last.
2026-09-22 16:45:16,200 - INFO - game_screen.py: 312 [update] | Saving last.
2026-09-22 16:45:16,207 - INFO - game_screen.py: 312 [update] | Saving last.
2026-09-22 16:45:16,215 - INFO - game_screen.py: 312 [update] | Saving last.
2026-09-22 16:45:16,222 - INFO - game_screen.py: 312 [update] | Saving last.
2026-09-22 16:45:16,230 - INFO - game_screen.py: 312 [update] | Saving last.
2026-09-22 16:45:16,237 - INFO - game_screen.py: 312 [update] | Saving last.
2026-09-22 16:45:16,244 - INFO - game_screen.py: 312 [update] | Saving last.
2026-09-22 16:45:16,251 - INFO - game_screen.py: 312 [update] | Saving last.
2026-09-22 16:45:16,259 - INFO - game_screen.py: 312 [update] | Saving last.
2026-09-22 16:45:16,266 - INFO - game_screen.py: 312 [update] | Saving last.
2026-09-22 16:45:16,279 - INFO - game_screen.py: 312 [update] | Saving last.
2026-09-22 16:45:16,286 - INFO - game_screen.py: 312 [update] | Saving last.
2026-09-22 16:45:16,294 - INFO - game_screen.py: 312 [update] | Saving last.
2026-09-22 16:45:16,301 - INFO - game_screen.py: 312 [update] | Saving last.
2026-09-22 16:45:16,308 - INFO - game_screen.py: 312 [update] | Saving last.
2026-09-22 16:45:16,316 - INFO - game_screen.py: 312 [update] | Saving last.
2026-09-22 16:45:16,323 - INFO - game_screen.py: 312 [update] | Saving last.
2026-09-22 16:45:16,331 - INFO - game_screen.py: 312 [update] | Saving last.
2026-09-22 16:45:16,338 - INFO - game_screen.py: 312 [update] | Saving last.
2026-09-22 16:45:16,346 - INFO - game_screen.py: 312 [update] | Saving last.
2026-09-22 16:45:16,353 - INFO - game_screen.py: 312 [update] | Saving last.
2026-09-22 16:45:16,360 - INFO - game_screen.py: 312 [update] | Saving last.
2026-09-22 16:45:16,368 - INFO - game_screen.py: 312 [update] | Saving last.
2026-09-22 16:45:16,375 - INFO - game_screen.py: 312 [update] | Saving last.
2026-09-22 16:45:16,382 - INFO - game_screen.py: 312 [update] | Saving last.
2026-09-22 16:45:16,390 - INFO - game_screen.py: 312 [update] | Saving last.
2026-09-22 16:45:16,397 - INFO - game_screen.py: 312 [update] | Saving last.
2026-09-22 16:45:16,404 - INFO - game_screen.py: 312 [update] | Saving last.
2026-09-22 16:45:16,412 - INFO - game_screen.py: 312 [update] | Saving last.
2026-09-22 16:45:16,419 - INFO - game_screen.py: 312 [update] | Saving last.
2026-09-22 16:45:16,427 - INFO - game_screen.py: 312 [update] | Saving last.
2026-09-22 16:45:16,434 - INFO - game_screen.py: 312 [update] | Saving last.
2026-09-22 16:45:16,441 - INFO - game_screen.py: 312 [update] | Saving last.
2026-09-22 16:45:16,449 - INFO - game_screen.py: 312 [update] | Saving last.
2026-09-22 16:45:16,456 - INFO - game_screen.py: 312 [update] | Saving last.
2026-09-22 16:45:16,464 - INFO - game_screen.py: 312 [update] | Saving last.
2026-09-22 16:45:16,471 - INFO - game_screen.py: 312 [update] | Saving last.
2026-09-22 16:45:16,478 - INFO - game_screen.py: 312 [update] | Saving last.
2026-09-22 16:45:16,486 - INFO - game_screen.py: 312 [update] | Saving last.
2026-09-22 16:45:16,493 - INFO - game_screen.py: 312 [update] | Saving last.
2026-09-22 16:45:16,500 - INFO - game_screen.py: 312 [update] | Saving last.
2026-09-22 16:45:16,508 - INFO - game_screen.py: 312 [update] | Saving last.
2026-09-22 16:45:16,515 - INFO - game_screen.py: 312 [update] | Saving last.
2026-09-22 16:45:16,523 - INFO - game_screen.py: 312 [update] | Saving last.
2026-09-22 16:45:16,530 - INFO - game_screen.py: 312 [update] | Saving last.
2026-09-22 16:45:16,537 - INFO - game_screen.py: 312 [update] | Saving last.
2026-09-22 16:45:16,545 - INFO - game_screen.py: 312 [update] | Saving last.
2026-09-22 16:45:16,552 - INFO - game_screen.py: 312 [update] | Saving last.
2026-09-22 16:45:16,559 - INFO - game_screen.py: 312 [update] | Saving last.
2026-09-22 16:45:16,567 - INFO - game_screen.py: 312 [update] | Saving last.
2026-09-22 16:45:16,574 - INFO - game_screen.py: 312 [update] | Saving last.
2026-09-22 16:45:16,582 - INFO - game_screen.py: 312 [update] | Saving last.
2026-09-22 16:45:16,589 - INFO - game_screen.py: 312 [update] | Saving last.
2026-09-22 16:45:16,596 - INFO - game_screen.py: 312 [update] | Saving last.
2026-09-22 16:45:16,604 - INFO - game_screen.py: 312 [update] | Saving last.
2026-09-22 16:45:16,611 - INFO - game_screen.py: 312 [update] | Saving last.
2026-09-22 16:45:16,619 - INFO - game_screen.py: 312 [update] | Saving last.
2026-09-22 16:45:16,626 - INFO - game_screen.py: 312 [update] | Saving last.
2026-09-22 16:45:16,634 - INFO - game_screen.py: 312 [update] | Saving last.
2026-09-22 16:45:16,641 - INFO - game_screen.py: 312 [update] | Saving last.
2026-09-22 16:45:16,648 - INFO - game_screen.py: 312 [update] | Saving last.
2026-09-22 16:45:16,655 - INFO - game_screen.py: 312 [update] | Saving last.
2026-09-22 16:45:16,663 - INFO - game_screen.py: 312 [update] | Saving last.
2026-09-22 16:45:16,676 - INFO - game_screen.py: 312 [update] | Saving last.
2026-09-22 16:45:16,688 - INFO - game_screen.py: 312 [update] | Saving last.
2026-09-22 16:45:16,697 - INFO - game_screen.py: 312 [update] | Saving last.
2026-09-22 16:45:16,706 - INFO - game_screen.py: 312 [update] | Saving last.
2026-09-22 16:45:16,714 - INFO - game_screen.py: 312 [update] | Saving last.
2026-09-22 16:45:16,722 - INFO - game_screen.py: 312 [update] | Saving last.
2026-09-22 16:45:16,730 - INFO - game_screen.py: 312 [update] | Saving last.
2026-09-22 16:45:16,738 - INFO - game_screen.py: 312 [update] | Saving last.
2026-09-22 16:45:16,746 - INFO - game_screen.py: 312 [update] | Saving last.
2026-09-22 16:45:16,754 - INFO - game_screen.py: 312 [update] | Saving last.
2026-09-22 16:45:16,763 - INFO - game_screen.py: 312 [update] | Saving last.
2026-09-22 16:45:16,770 - INFO - game_screen.py: 312 [update] | Saving last.
2026-09-22 16:45:16,779 - INFO - game_screen.py: 312 [update] | Saving last.
2026-09-22 16:45:16,787 - INFO - game_screen.py: 312 [update] | Saving last.
2026-09-22 16:45:16,795 - INFO - game_screen.py: 312 [update] | Saving last.
2026-09-22 16:45:16,803 - INFO - game_screen.py: 312 [update] | Saving last.
2026-09-22 16:45:16,811 - INFO - game_screen.py: 312 [update] | Saving last.
2026-09-22 16:45:16,819 - INFO - game_screen.py: 312 [update] | Saving last.
2026-09-22 16:45:16,827 - INFO - game_screen.py: 312 [update] | Saving last.
2026-09-22 16:45:16,835 - INFO - game_screen.py: 312 [update] | Saving last.
2026-09-22 16:45:16,843 - INFO - game_screen.py: 312 [update] | Saving last.
2026-09-22 16:45:16,851 - INFO - game_screen.py: 312 [update] | Saving last.
2026-09-22 16:45:16,859 - INFO - game_screen.py: 312 [update] | Saving last.
2026-09-22 16:45:16,867 - INFO - game_screen.py: 312 [update] | Saving last.
2026-09-22 16:45:16,875 - INFO - game_screen.py: 312 [update] | Saving last.
2026-09-22 16:45:16,883 - INFO - game_screen.py: 312 [update] | Saving last.
2026-09-22 16:45:16,891 - INFO - game_screen.py: 312 [update] | Saving last.
2026-09-22 16:45:16,899 - INFO - game_screen.py: 312 [update] | Saving last.
2026-09-22 16:45:16,907 - INFO - game_screen.py: 312 [update] | Saving last.
2026-09-22 16:45:16,915 - INFO - game_screen.py: 312 [update] | Saving last.
2026-09-22 16:45:16,923 - INFO - game_screen.py: 312 [update] | Saving last.
2026-09-22 16:45:16,930 - INFO - game_screen.py: 312 [update] | Saving last.
2026-09-22 16:45:16,937 - INFO - game_screen.py: 312 [update] | Saving last.
2026-09-22 16:45:16,945 - INFO - game_screen.py: 312 [update] | Saving last.
2026-09-22 16:45:16,952 - INFO - game_screen.py: 312 [update] | Saving last.
2026-09-22 16:45:16,959 - INFO - game_screen.py: 312 [update] | Saving last.
2026-09-22 16:45:16,967 - INFO - game_screen.py: 312 [update] | Saving last.
2026-09-22 16:45:16,974 - INFO - game_screen.py: 312 [update] | Saving last.
2026-09-22 16:45:16,982 - INFO - game_screen.py: 312 [update] | Saving last.
2026-09-22 16:45:16,989 - INFO - game_screen.py: 312 [update] | Saving last.
2026-09-22 16:45:16,996 - INFO - game_screen.py: 312 [update] | Saving last.
2026-09-22 16:45:17,003 - INFO - game_screen.py: 312 [update] | Saving last.
2026-09-22 16:45:17,011 - INFO - game_screen.py: 312 [update] | Saving last.
2026-09-22 16:45:17,018 - INFO - game_screen.py: 312 [update] | Saving last.
2026-09-22 16:45:17,025 - INFO - game_screen.py: 312 [update] | Saving last.
2026-09-22 16:45:17,033 - INFO - game_screen.py: 312 [update] | Saving last.
2026-09-22 16:45:17,040 - INFO - game_screen.py: 312 [update] | Saving last.
2026-09-22 16:45:17,048 - INFO - game_screen.py: 312 [update] | Saving last.
2026-09-22 16:45:17,055 - INFO - game_screen.py: 312 [update] | Saving last.
2026-09-22 16:45:17,063 - INFO - game_screen.py: 312 [update] | Saving last.
2026-09-22 16:45:17,070 - INFO - game_screen.py: 312 [update] | Saving last.
2026-09-22 16:45:17,078 - INFO - game_screen.py: 312 [update] | Saving last.
2026-09-22 16:45:17,085 - INFO - game_screen.py: 312 [update] | Saving last.
2026-09-22 16:45:17,093 - INFO - game_screen.py: 312 [update] | Saving last.
2026-09-22 16:45:17,100 - INFO - game_screen.py: 312 [update] | Saving last.
2026-09-22 16:45:17,107 - INFO - game_screen.py: 312 [update] | Saving last.
2026-09-22 16:45:17,115 - INFO - game_screen.py: 312 [update] | Saving last.
2026-09-22 16:45:17,122 - INFO - game_screen.py: 312 [update] | Saving last.
2026-09-22 16:45:17,129 - INFO - game_screen.py: 312 [update] | Saving last.
2026-09-22 16:45:17,136 - INFO - game_screen.py: 312 [update] | Saving last.
2026-09-22 16:45:17,145 - INFO - game_screen.py: 312 [update] | Saving last.
2026-09-22 16:45:17,152 - INFO - game_screen.py: 312 [update] | Saving last.
2026-09-22 16:45:17,159 - INFO - game_screen.py: 312 [update] | Saving last.
2026-09-22 16:45:17,166 - INFO - game_screen.py: 312 [update] | Saving last.
2026-09-22 16:45:17,174 - INFO - game_screen.py: 312 [update] | Saving last.
2026-09-22 16:45:17,181 - INFO - game_screen.py: 312 [update] | Saving last.
2026-09-22 16:45:17,188 - INFO - game_screen.py: 312 [update] | Saving last.
2026-09-22 16:45:17,196 - INFO - game_screen.py: 312 [update] | Saving last.
2026-09-22 16:45:17,203 - INFO - game_screen.py: 312 [update] | Saving last.
2026-09-22 16:45:17,210 - INFO - game_screen.py: 312 [update] | Saving last.
2026-09-22 16:45:17,218 - INFO - game_screen.py: 312 [update] | Saving last.
2026-09-22 16:45:17,225 - INFO - game_screen.py: 312 [update] | Saving last.
2026-09-22 16:45:17,232 - INFO - game_screen.py: 312 [update] | Saving last.
2026-09-22 16:45:17,239 - INFO - game_screen.py: 312 [update] | Saving last.
2026-09-22 16:45:17,247 - INFO - game_screen.py: 312 [update] | Saving last.
2026-09-22 16:45:17,254 - INFO - game_screen.py: 312 [update] | Saving last.
2026-09-22 16:45:17,262 - INFO - game_screen.py: 312 [update] | Saving last.
2026-09-22 16:45:17,269 - INFO - game_screen.py: 312 [update] | Saving last.
2026-09-22 16:45:17,276 - INFO - game_screen.py: 312 [update] | Saving last.
2026-09-22 16:45:17,284 - INFO - game_screen.py: 312 [update] | Saving last.
2026-09-22 16:45:17,291 - INFO - game_screen.py: 312 [update] | Saving last.
2026-09-22 16:45:17,298 - INFO - game_screen.py: 312 [update] | Saving last.
2026-09-22 16:45:17,305 - INFO - game_screen.py: 312 [update] | Saving last.
2026-09-22 16:45:17,313 - INFO - game_screen.py: 312 [update] | Saving last.
2026-09-22 16:45:17,320 - INFO - game_screen.py: 312 [update] | Saving last.
2026-09-22 16:45:17,328 - INFO - game_screen.py: 312 [update] | Saving last.
2026-09-22 16:45:17,335 - INFO - game_screen.py: 312 [update] | Saving last.
2026-09-22 16:45:17,342 - INFO - game_screen.py: 312 [update] | Saving last.
2026-09-22 16:45:17,350 - INFO - game_screen.py: 312 [update] | Saving last.
2026-09-22 16:45:17,357 - INFO - game_screen.py: 312 [update] | Saving last.
2026-09-22 16:45:17,365 - INFO - game_screen.py: 312 [update] | Saving last.
2026-09-22 16:45:17,372 - INFO - game_screen.py: 312 [update] | Saving last.
2026-09-22 16:45:17,379 - INFO - game_screen.py: 312 [update] | Saving last.
2026-09-22 16:45:17,387 - INFO - game_screen.py: 312 [update] | Saving last.
2026-09-22 16:45:17,394 - INFO - game_screen.py: 312 [update] | Saving last.
2026-09-22 16:45:17,416 - INFO - game_screen.py: 312 [update] | Saving last.
2026-09-22 16:45:17,424 - INFO - game_screen.py: 312 [update] | Saving last.
2026-09-22 16:45:17,431 - INFO - game_screen.py: 312 [update] | Saving last.
2026-09-22 16:45:17,438 - INFO - game_screen.py: 312 [update] | Saving last.
2026-09-22 16:45:17,446 - INFO - game_screen.py: 312 [update] | Saving last.
2026-09-22 16:45:17,453 - INFO - game_screen.py: 312 [update] | Saving last.
2026-09-22 16:45:17,461 - INFO - game_screen.py: 312 [update] | Saving last.
2026-09-22 16:45:17,468 - INFO - game_screen.py: 312 [update] | Saving last.
2026-09-22 16:45:17,475 - INFO - game_screen.py: 312 [update] | Saving last.
2026-09-22 16:45:17,483 - INFO - game_screen.py: 312 [update] | Saving last.
2026-09-22 16:45:17,490 - INFO - game_screen.py: 312 [update] | Saving last.
2026-09-22 16:45:17,498 - INFO - game_screen.py: 312 [update] | Saving last.
2026-09-22 16:45:17,505 - INFO - game_screen.py: 312 [update] | Saving last.
2026-09-22 16:45:17,513 - INFO - game_screen.py: 312 [update] | Saving last.
2026-09-22 16:45:17,520 - INFO - game_screen.py: 312 [update] | Saving last.
2026-09-22 16:45:17,528 - INFO - game_screen.py: 312 [update] | Saving last.
2026-09-22 16:45:17,535 - INFO - game_screen.py: 312 [update] | Saving last.
2026-09-22 16:45:17,542 - INFO - game_screen.py: 312 [update] | Saving last.
2026-09-22 16:45:17,550 - INFO - game_screen.py: 312 [update] | Saving last.
2026-09-22 16:45:17,557 - INFO - game_screen.py: 312 [update] | Saving last.
2026-09-22 16:45:17,564 - INFO - game_screen.py: 312 [update] | Saving last.
2026-09-22 16:45:17,571 - INFO - game_screen.py: 312 [update] | Saving last.
2026-09-22 16:45:17,579 - INFO - game_screen.py: 312 [update] | Saving last.
2026-09-22 16:45:17,586 - INFO - game_screen.py: 312 [update] | Saving last.
2026-09-22 16:45:17,594 - INFO - game_screen.py: 312 [update] | Saving last.
2026-09-22 16:45:17,601 - INFO - game_screen.py: 312 [update] | Saving last.
2026-09-22 16:45:17,608 - INFO - game_screen.py: 312 [update] | Saving last.
2026-09-22 16:45:17,616 - INFO - game_screen.py: 312 [update] | Saving last.
2026-09-22 16:45:17,623 - INFO - game_screen.py: 312 [update] | Saving last.
2026-09-22 16:45:17,630 - INFO - game_screen.py: 312 [update] | Saving last.
2026-09-22 16:45:17,637 - INFO - game_screen.py: 312 [update] | Saving last.
2026-09-22 16:45:17,645 - INFO - game_screen.py: 312 [update] | Saving last.
2026-09-22 16:45:17,652 - INFO - game_screen.py: 312 [update] | Saving last.
2026-09-22 16:45:17,660 - INFO - game_screen.py: 312 [update] | Saving last.
2026-09-22 16:45:17,667 - INFO - game_screen.py: 312 [update] | Saving last.
2026-09-22 16:45:17,674 - INFO - game_screen.py: 312 [update] | Saving last.
2026-09-22 16:45:17,682 - INFO - game_screen.py: 312 [update] | Saving last.
2026-09-22 16:45:17,689 - INFO - game_screen.py: 312 [update] | Saving last.
2026-09-22 16:45:17,696 - INFO - game_screen.py: 312 [update] | Saving last.
2026-09-22 16:45:17,703 - INFO - game_screen.py: 312 [update] | Saving last.
2026-09-22 16:45:17,711 - INFO - game_screen.py: 312 [update] | Saving last.
2026-09-22 16:45:17,718 - INFO - game_screen.py: 312 [update] | Saving last.
2026-09-22 16:45:17,725 - INFO - game_screen.py: 312 [update] | Saving last.
2026-09-22 16:45:17,733 - INFO - game_screen.py: 312 [update] | Saving last.
2026-09-22 16:45:17,740 - INFO - game_screen.py: 312 [update] | Saving last.
2026-09-22 16:45:17,747 - INFO - game_screen.py: 312 [update] | Saving last.
2026-09-22 16:45:17,754 - INFO - game_screen.py: 312 [update] | Saving last.
2026-09-22 16:45:17,762 - INFO - game_screen.py: 312 [update] | Saving last.
2026-09-22 16:45:17,769 - INFO - game_screen.py: 312 [update] | Saving last.
2026-09-22 16:45:17,776 - INFO - game_screen.py: 312 [update] | Saving last.
2026-09-22 16:45:17,784 - INFO - game_screen.py: 312 [update] | Saving last.
2026-09-22 16:45:17,791 - INFO - game_screen.py: 312 [update] | Saving last.
2026-09-22 16:45:17,798 - INFO - game_screen.py: 312 [update] | Saving last.
2026-09-22 16:45:17,805 - INFO - game_screen.py: 312 [update] | Saving last.
2026-09-22 16:45:17,813 - INFO - game_screen.py: 312 [update] | Saving last.
2026-09-22 16:45:17,820 - INFO - game_screen.py: 312 [update] | Saving last.
2026-09-22 16:45:17,828 - INFO - game_screen.py: 312 [update] | Saving last.
2026-09-22 16:45:17,835 - INFO - game_screen.py: 312 [update] | Saving last.
2026-09-22 16:45:17,842 - INFO - game_screen.py: 312 [update] | Saving last.
2026-09-22 16:45:17,850 - INFO - game_screen.py: 312 [update] | Saving last.
2026-09-22 16:45:17,857 - INFO - game_screen.py: 312 [update] | Saving last.
2026-09-22 16:45:17,865 - INFO - game_screen.py: 312 [update] | Saving last.
2026-09-22 16:45:17,872 - INFO - game_screen.py: 312 [update] | Saving last.
2026-09-22 16:45:17,879 - INFO - game_screen.py: 312 [update] | Saving last.
2026-09-22 16:45:17,886 - INFO - game_screen.py: 312 [update] | Saving last.
2026-09-22 16:45:17,894 - INFO - game_screen.py: 312 [update] | Saving last.
2026-09-22 16:45:17,901 - INFO - game_screen.py: 312 [update] | Saving last.
2026-09-22 16:45:17,908 - INFO - game_screen.py: 312 [update] | Saving last.
2026-09-22 16:45:17,916 - INFO - game_screen.py: 312 [update] | Saving last.
2026-09-22 16:45:17,923 - INFO - game_screen.py: 312 [update] | Saving last.
2026-09-22 16:45:17,931 - INFO - game_screen.py: 312 [update] | Saving last.
2026-09-22 16:45:17,938 - INFO - game_screen.py: 312 [update] | Saving last.
2026-09-22 16:45:17,946 - INFO - game_screen.py: 312 [update] | Saving last.
2026-09-22 16:45:17,953 - INFO - game_screen.py: 312 [update] | Saving last.
2026-09-22 16:45:17,960 - INFO - game_screen.py: 312 [update] | Saving last.
2026-09-22 16:45:17,968 - INFO - game_screen.py: 312 [update] | Saving last.
2026-09-22 16:45:17,975 - INFO - game_screen.py: 312 [update] | Saving last.
2026-09-22 16:45:17,983 - INFO - game_screen.py: 312 [update] | Saving last.
2026-09-22 16:45:17,990 - INFO - game_screen.py: 312 [update] | Saving last.
2026-09-22 16:45:17,999 - INFO - game_screen.py: 312 [update] | Saving last.
2026-09-22 16:45:18,007 - INFO - game_screen.py: 312 [update] | Saving last.
2026-09-22 16:45:18,015 - INFO - game_screen.py: 312 [update] | Saving last.
2026-09-22 16:45:18,023 - INFO - game_screen.py: 312 [update] | Saving last.
2026-09-22 16:45:18,031 - INFO - game_screen.py: 312 [update] | Saving last.
2026-09-22 16:45:18,039 - INFO - game_screen.py: 312 [update] | Saving last.
2026-09-22 16:45:18,047 - INFO - game_screen.py: 312 [update] | Saving last.
2026-09-22 16:45:18,055 - INFO - game_screen.py: 312 [update] | Saving last.
2026-09-22 16:45:18,063 - INFO - game_screen.py: 312 [update] | Saving last.
2026-09-22 16:45:18,071 - INFO - game_screen.py: 312 [update] | Saving last.
2026-09-22 16:45:18,080 - INFO - game_screen.py: 312 [update] | Saving last.
2026-09-22 16:45:18,088 - INFO - game_screen.py: 312 [update] | Saving last.
2026-09-22 16:45:18,096 - INFO - game_screen.py: 312 [update] | Saving last.
2026-09-22 16:45:18,104 - INFO - game_screen.py: 312 [update] | Saving last.
2026-09-22 16:45:18,113 - INFO - game_screen.py: 312 [update] | Saving last.
2026-09-22 16:45:18,120 - INFO - game_screen.py: 312 [update] | Saving last.
2026-09-22 16:45:18,129 - INFO - game_screen.py: 312 [update] | Saving last.
2026-09-22 16:45:18,136 - INFO - game_screen.py: 312 [update] | Saving last.
2026-09-22 16:45:18,145 - INFO - game_screen.py: 312 [update] | Saving last.
2026-09-22 16:45:18,153 - INFO - game_screen.py: 312 [update] | Saving last.
2026-09-22 16:45:18,161 - INFO - game_screen.py: 312 [update] | Saving last.
2026-09-22 16:45:18,169 - INFO - game_screen.py: 312 [update] | Saving last.
2026-09-22 16:45:18,177 - INFO - game_screen.py: 312 [update] | Saving last.
2026-09-22 16:45:18,185 - INFO - game_screen.py: 312 [update] | Saving last.
2026-09-22 16:45:18,192 - INFO - game_screen.py: 312 [update] | Saving last.
2026-09-22 16:45:18,201 - INFO - game_screen.py: 312 [update] | Saving last.
2026-09-22 16:45:18,208 - INFO - game_screen.py: 312 [update] | Saving last.
2026-09-22 16:45:18,216 - INFO - game_screen.py: 312 [update] | Saving last.
2026-09-22 16:45:18,223 - INFO - game_screen.py: 312 [update] | Saving last.
2026-09-22 16:45:18,231 - INFO - game_screen.py: 312 [update] | Saving last.
2026-09-22 16:45:18,238 - INFO - game_screen.py: 312 [update] | Saving last.
2026-09-22 16:45:18,246 - INFO - game_screen.py: 312 [update] | Saving last.
2026-09-22 16:45:18,253 - INFO - game_screen.py: 312 [update] | Saving last.
2026-09-22 16:45:18,260 - INFO - game_screen.py: 312 [update] | Saving last.
2026-09-22 16:45:18,268 - INFO - game_screen.py: 312 [update] | Saving last.
2026-09-22 16:45:18,275 - INFO - game_screen.py: 312 [update] | Saving last.
2026-09-22 16:45:18,282 - INFO - game_screen.py: 312 [update] | Saving last.
2026-09-22 16:45:18,289 - INFO - game_screen.py: 312 [update] | Saving last.
2026-09-22 16:45:18,297 - INFO - game_screen.py: 312 [update] | Saving last.
2026-09-22 16:45:18,304 - INFO - game_screen.py: 312 [update] | Saving last.
2026-09-22 16:45:18,312 - INFO - game_screen.py: 312 [update] | Saving last.
2026-09-22 16:45:18,319 - INFO - game_screen.py: 312 [update] | Saving last.
2026-09-22 16:45:18,326 - INFO - game_screen.py: 312 [update] | Saving last.
2026-09-22 16:45:18,334 - INFO - game_screen.py: 312 [update] | Saving last.
2026-09-22 16:45:18,341 - INFO - game_screen.py: 312 [update] | Saving last.
2026-09-22 16:45:18,348 - INFO - game_screen.py: 312 [update] | Saving last.
2026-09-22 16:45:18,356 - INFO - game_screen.py: 312 [update] | Saving last.
2026-09-22 16:45:18,364 - INFO - game_screen.py: 312 [update] | Saving last.
2026-09-22 16:45:18,372 - INFO - game_screen.py: 312 [update] | Saving last.
2026-09-22 16:45:18,380 - INFO - game_screen.py: 312 [update] | Saving last.
2026-09-22 16:45:18,388 - INFO - game_screen.py: 312 [update] | Saving last.
2026-09-22 16:45:18,397 - INFO - game_screen.py: 312 [update] | Saving last.
2026-09-22 16:45:18,405 - INFO - game_screen.py: 312 [update] | Saving last.
2026-09-22 16:45:18,413 - INFO - game_screen.py: 312 [update] | Saving last.
2026-09-22 16:45:18,421 - INFO - game_screen.py: 312 [update] | Saving last.
2026-09-22 16:45:18,429 - INFO - game_screen.py: 312 [update] | Saving last.
2026-09-22 16:45:18,437 - INFO - game_screen.py: 312 [update] | Saving last.
2026-09-22 16:45:18,445 - INFO - game_screen.py: 312 [update] | Saving last.
2026-09-22 16:45:18,453 - INFO - game_screen.py: 312 [update] | Saving last.
2026-09-22 16:45:18,461 - INFO - game_screen.py: 312 [update] | Saving last.
2026-09-22 16:45:18,469 - INFO - game_screen.py: 312 [update] | Saving last.
2026-09-22 16:45:18,477 - INFO - game_screen.py: 312 [update] | Saving last.
2026-09-22 16:45:18,485 - INFO - game_screen.py: 312 [update] | Saving last.
2026-09-22 16:45:18,493 - INFO - game_screen.py: 312 [update] | Saving last.
2026-09-22 16:45:18,501 - INFO - game_screen.py: 312 [update] | Saving last.
2026-09-22 16:45:18,509 - INFO - game_screen.py: 312 [update] | Saving last.
2026-09-22 16:45:18,517 - INFO - game_screen.py: 312 [update] | Saving last.
2026-09-22 16:45:18,525 - INFO - game_screen.py: 312 [update] | Saving last.
2026-09-22 16:45:18,533 - INFO - game_screen.py: 312 [update] | Saving last.
2026-09-22 16:45:18,541 - INFO - game_screen.py: 312 [update] | Saving last.
2026-09-22 16:45:18,549 - INFO - game_screen.py: 312 [update] | Saving last.
2026-09-22 16:45:18,557 - INFO - game_screen.py: 312 [update] | Saving last.
2026-09-22 16:45:18,565 - INFO - game_screen.py: 312 [update] | Saving last.
2026-09-22 16:45:18,573 - INFO - game_screen.py: 312 [update] | Saving last.
2026-09-22 16:45:18,581 - INFO - game_screen.py: 312 [update] | Saving last.
2026-09-22 16:45:18,589 - INFO - game_screen.py: 312 [update] | Saving last.
2026-09-22 16:45:18,597 - INFO - game_screen.py: 312 [update] | Saving last.
2026-09-22 16:45:18,605 - INFO - game_screen.py: 312 [update] | Saving last.
2026-09-22 16:45:18,613 - INFO - game_screen.py: 312 [update] | Saving last.
2026-09-22 16:45:18,620 - INFO - game_screen.py: 312 [update] | Saving last.
2026-09-22 16:45:18,628 - INFO - game_screen.py: 312 [update] | Saving last.
2026-09-22 16:45:18,635 - INFO - game_screen.py: 312 [update] | Saving last.
2026-09-22 16:45:18,642 - INFO - game_screen.py: 312 [update] | Saving last.
2026-09-22 16:45:18,650 - INFO - game_screen.py: 312 [update] | Saving last.
2026-09-22 16:45:18,657 - INFO - game_screen.py: 312 [update] | Saving last.
2026-09-22 16:45:18,664 - INFO - game_screen.py: 312 [update] | Saving last.
2026-09-22 16:45:18,671 - INFO - game_screen.py: 312 [update] | Saving last.
2026-09-22 16:45:18,679 - INFO - game_screen.py: 312 [update] | Saving last.
2026-09-22 16:45:18,686 - INFO - game_screen.py: 312 [update] | Saving last.
2026-09-22 16:45:18,694 - INFO - game_screen.py: 312 [update] | Saving last.
2026-09-22 16:45:18,701 - INFO - game_screen.py: 312 [update] | Saving last.
2026-09-22 16:45:18,708 - INFO - game_screen.py: 312 [update] | Saving last.
2026-09-22 16:45:18,716 - INFO - game_screen.py: 312 [update] | Saving last.
2026-09-22 16:45:18,723 - INFO - game_screen.py: 312 [update] | Saving last.
2026-09-22 16:45:18,730 - INFO - game_screen.py: 312 [update] | Saving last.
2026-09-22 16:45:18,738 - INFO - game_screen.py: 312 [update] | Saving last.
2026-09-22 16:45:18,745 - INFO - game_screen.py: 312 [update] | Saving last.
2026-09-22 16:45:18,752 - INFO - game_screen.py: 312 [update] | Saving last.
2026-09-22 16:45:18,759 - INFO - game_screen.py: 312 [update] | Saving last.
2026-09-22 16:45:18,767 - INFO - game_screen.py: 312 [update] | Saving last.
2026-09-22 16:45:18,774 - INFO - game_screen.py: 312 [update] | Saving last.
2026-09-22 16:45:18,782 - INFO - game_screen.py: 312 [update] | Saving last.
2026-09-22 16:45:18,789 - INFO - game_screen.py: 312 [update] | Saving last.
2026-09-22 16:45:18,796 - INFO - game_screen.py: 312 [update] | Saving last.
2026-09-22 16:45:18,803 - INFO - game_screen.py: 312 [update] | Saving last.
2026-09-22 16:45:18,811 - INFO - game_screen.py: 312 [update] | Saving last.
2026-09-22 16:45:18,818 - INFO - game_screen.py: 312 [update] | Saving last.
2026-09-22 16:45:18,825 - INFO - game_screen.py: 312 [update] | Saving last.
2026-09-22 16:45:18,833 - INFO - game_screen.py: 312 [update] | Saving last.
2026-09-22 16:45:18,840 - INFO - game_screen.py: 312 [update] | Saving last.
2026-09-22 16:45:18,847 - INFO - game_screen.py: 312 [update] | Saving last.
2026-09-22 16:45:18,855 - INFO - game_screen.py: 312 [update] | Saving last.
2026-09-22 16:45:18,862 - INFO - game_screen.py: 312 [update] | Saving last.
2026-09-22 16:45:18,869 - INFO - game_screen.py: 312 [update] | Saving last.
2026-09-22 16:45:18,877 - INFO - game_screen.py: 312 [update] | Saving last.
2026-09-22 16:45:18,884 - INFO - game_screen.py: 312 [update] | Saving last.
2026-09-22 16:45:18,891 - INFO - game_screen.py: 312 [update] | Saving last.
2026-09-22 16:45:18,899 - INFO - game_screen.py: 312 [update] | Saving last.
2026-09-22 16:45:18,906 - INFO - game_screen.py: 312 [update] | Saving last.
2026-09-22 16:45:18,913 - INFO - game_screen.py: 312 [update] | Saving last.
2026-09-22 16:45:18,920 - INFO - game_screen.py: 312 [update] | Saving last.
2026-09-22 16:45:18,928 - INFO - game_screen.py: 312 [update] | Saving last.
2026-09-22 16:45:18,935 - INFO - game_screen.py: 312 [update] | Saving last.
2026-09-22 16:45:18,942 - INFO - game_screen.py: 312 [update] | Saving last.
2026-09-22 16:45:18,950 - INFO - game_screen.py: 312 [update] | Saving last.
2026-09-22 16:45:18,957 - INFO - game_screen.py: 312 [update] | Saving last.
2026-09-22 16:45:18,964 - INFO - game_screen.py: 312 [update] | Saving last.
2026-09-22 16:45:18,972 - INFO - game_screen.py: 312 [update] | Saving last.
2026-09-22 16:45:18,979 - INFO - game_screen.py: 312 [update] | Saving last.
2026-09-22 16:45:18,986 - INFO - game_screen.py: 312 [update] | Saving last.
2026-09-22 16:45:18,994 - INFO - game_screen.py: 312 [update] | Saving last.
2026-09-22 16:45:19,001 - INFO - game_screen.py: 312 [update] | Saving last.
2026-09-22 16:45:19,008 - INFO - game_screen.py: 312 [update] | Saving last.
2026-09-22 16:45:19,016 - INFO - game_screen.py: 312 [update] | Saving last.
2026-09-22 16:45:19,023 - INFO - game_screen.py: 312 [update] | Saving last.
2026-09-22 16:45:19,030 - INFO - game_screen.py: 312 [update] | Saving last.
2026-09-22 16:45:19,038 - INFO - game_screen.py: 312 [update] | Saving last.
2026-09-22 16:45:19,045 - INFO - game_screen.py: 312 [update] | Saving last.
2026-09-22 16:45:19,052 - INFO - game_screen.py: 312 [update] | Saving last.
2026-09-22 16:45:19,059 - INFO - game_screen.py: 312 [update] | Saving last.
2026-09-22 16:45:19,067 - INFO - game_screen.py: 312 [update] | Saving last.
2026-09-22 16:45:19,074 - INFO - game_screen.py: 312 [update] | Saving last.
2026-09-22 16:45:19,082 - INFO - game_screen.py: 312 [update] | Saving last.
2026-09-22 16:45:19,089 - INFO - game_screen.py: 312 [update] | Saving last.
2026-09-22 16:45:19,096 - INFO - game_screen.py: 312 [update] | Saving last.
2026-09-22 16:45:19,103 - INFO - game_screen.py: 312 [update] | Saving last.
2026-09-22 16:45:19,111 - INFO - game_screen.py: 312 [update] | Saving last.
2026-09-22 16:45:19,118 - INFO - game_screen.py: 312 [update] | Saving last.
2026-09-22 16:45:19,125 - INFO - game_screen.py: 312 [update] | Saving last.
2026-09-22 16:45:19,133 - INFO - game_screen.py: 312 [update] | Saving last.
2026-09-22 16:45:19,140 - INFO - game_screen.py: 312 [update] | Saving last.
2026-09-22 16:45:19,147 - INFO - game_screen.py: 312 [update] | Saving last.
2026-09-22 16:45:19,154 - INFO - game_screen.py: 312 [update] | Saving last.
2026-09-22 16:45:19,162 - INFO - game_screen.py: 312 [update] | Saving last.
2026-09-22 16:45:19,169 - INFO - game_screen.py: 312 [update] | Saving last.
2026-09-22 16:45:19,176 - INFO - game_screen.py: 312 [update] | Saving last.
2026-09-22 16:45:19,184 - INFO - game_screen.py: 312 [update] | Saving last.
2026-09-22 16:45:19,191 - INFO - game_screen.py: 312 [update] | Saving last.
2026-09-22 16:45:19,199 - INFO - game_screen.py: 312 [update] | Saving last.
2026-09-22 16:45:19,206 - INFO - game_screen.py: 312 [update] | Saving last.
2026-09-22 16:45:19,213 - INFO - game_screen.py: 312 [update] | Saving last.
2026-09-22 16:45:19,220 - INFO - game_screen.py: 312 [update] | Saving last.
2026-09-22 16:45:19,228 - INFO - game_screen.py: 312 [update] | Saving last.
2026-09-22 16:45:19,235 - INFO - game_screen.py: 312 [update] | Saving last.
2026-09-22 16:45:19,242 - INFO - game_screen.py: 312 [update] | Saving last.
2026-09-22 16:45:19,250 - INFO - game_screen.py: 312 [update] | Saving last.
2026-09-22 16:45:19,257 - INFO - game_screen.py: 312 [update] | Saving last.
2026-09-22 16:45:19,264 - INFO - game_screen.py: 312 [update] | Saving last.
2026-09-22 16:45:19,271 - INFO - game_screen.py: 312 [update] | Saving last.
2026-09-22 16:45:19,279 - INFO - game_screen.py: 312 [update] | Saving last.
2026-09-22 16:45:19,286 - INFO - game_screen.py: 312 [update] | Saving last.
2026-09-22 16:45:19,293 - INFO - game_screen.py: 312 [update] | Saving last.
2026-09-22 16:45:19,301 - INFO - game_screen.py: 312 [update] | Saving last.
2026-09-22 16:45:19,308 - INFO - game_screen.py: 312 [update] | Saving last.
2026-09-22 16:45:19,316 - INFO - game_screen.py: 312 [update] | Saving last.
2026-09-22 16:45:19,323 - INFO - game_screen.py: 312 [update] | Saving last.
2026-09-22 16:45:19,330 - INFO - game_screen.py: 312 [update] | Saving last.
2026-09-22 16:45:19,337 - INFO - game_screen.py: 312 [update] | Saving last.
2026-09-22 16:45:19,345 - INFO - game_screen.py: 312 [update] | Saving last.
2026-09-22 16:45:19,352 - INFO - game_screen.py: 312 [update] | Saving last.
2026-09-22 16:45:19,359 - INFO - game_screen.py: 312 [update] | Saving last.
2026-09-22 16:45:19,367 - INFO - game_screen.py: 312 [update] | Saving last.
2026-09-22 16:45:19,374 - INFO - game_screen.py: 312 [update] | Saving last.
2026-09-22 16:45:19,381 - INFO - game_screen.py: 312 [update] | Saving last.
2026-09-22 16:45:19,389 - INFO - game_screen.py: 312 [update] | Saving last.
2026-09-22 16:45:19,396 - INFO - game_screen.py: 312 [update] | Saving last.
2026-09-22 16:45:19,403 - INFO - game_screen.py: 312 [update] | Saving last.
2026-09-22 16:45:19,411 - INFO - game_screen.py: 312 [update] | Saving last.
2026-09-22 16:45:19,418 - INFO - game_screen.py: 312 [update] | Saving last.
2026-09-22 16:45:19,425 - INFO - game_screen.py: 312 [update] | Saving last.
2026-09-22 16:45:19,433 - INFO - game_screen.py: 312 [update] | Saving last.
2026-09-22 16:45:19,440 - INFO - game_screen.py: 312 [update] | Saving last.
2026-09-22 16:45:19,448 - INFO - game_screen.py: 312 [update] | Saving last.
2026-09-22 16:45:19,455 - INFO - game_screen.py: 312 [update] | Saving last.
2026-09-22 16:45:19,463 - INFO - game_screen.py: 312 [update] | Saving last.
2026-09-22 16:45:19,470 - INFO - game_screen.py: 312 [update] | Saving last.
2026-09-22 16:45:19,478 - INFO - game_screen.py: 312 [update] | Saving last.
2026-09-22 16:45:19,485 - INFO - game_screen.py: 312 [update] | Saving last.
2026-09-22 16:45:19,492 - INFO - game_screen.py: 312 [update] | Saving last.
2026-09-22 16:45:19,500 - INFO - game_screen.py: 312 [update] | Saving last.
2026-09-22 16:45:19,507 - INFO - game_screen.py: 312 [update] | Saving last.
2026-09-22 16:45:19,515 - INFO - game_screen.py: 312 [update] | Saving last.
2026-09-22 16:45:19,522 - INFO - game_screen.py: 312 [update] | Saving last.
2026-09-22 16:45:19,529 - INFO - game_screen.py: 312 [update] | Saving last.
2026-09-22 16:45:19,536 - INFO - game_screen.py: 312 [update] | Saving last.
2026-09-22 16:45:19,544 - INFO - game_screen.py: 312 [update] | Saving last.
2026-09-22 16:45:19,551 - INFO - game_screen.py: 312 [update] | Saving last.
2026-09-22 16:45:19,558 - INFO - game_screen.py: 312 [update] | Saving last.
2026-09-22 16:45:19,566 - INFO - game_screen.py: 312 [update] | Saving last.
2026-09-22 16:45:19,573 - INFO - game_screen.py: 312 [update] | Saving last.
2026-09-22 16:45:19,581 - INFO - game_screen.py: 312 [update] | Saving last.
2026-09-22 16:45:19,588 - INFO - game_screen.py: 312 [update] | Saving last.
2026-09-22 16:45:19,595 - INFO - game_screen.py: 312 [update] | Saving last.
2026-09-22 16:45:19,603 - INFO - game_screen.py: 312 [update] | Saving last.
2026-09-22 16:45:19,610 - INFO - game_screen.py: 312 [update] | Saving last.
2026-09-22 16:45:19,617 - INFO - game_screen.py: 312 [update] | Saving last.
2026-09-22 16:45:19,625 - INFO - game_screen.py: 312 [update] | Saving last.
2026-09-22 16:45:19,632 - INFO - game_screen.py: 312 [update] | Saving last.
2026-09-22 16:45:19,639 - INFO - game_screen.py: 312 [update] | Saving last.
2026-09-22 16:45:19,647 - INFO - game_screen.py: 312 [update] | Saving last.
2026-09-22 16:45:19,654 - INFO - game_screen.py: 312 [update] | Saving last.
2026-09-22 16:45:19,662 - INFO - game_screen.py: 312 [update] | Saving last.
2026-09-22 16:45:19,669 - INFO - game_screen.py: 312 [update] | Saving last.
2026-09-22 16:45:19,676 - INFO - game_screen.py: 312 [update] | Saving last.
2026-09-22 16:45:19,683 - INFO - game_screen.py: 312 [update] | Saving last.
2026-09-22 16:45:19,691 - INFO - game_screen.py: 312 [update] | Saving last.
2026-09-22 16:45:19,698 - INFO - game_screen.py: 312 [update] | Saving last.
2026-09-22 16:45:19,705 - INFO - game_screen.py: 312 [update] | Saving last.
2026-09-22 16:45:19,713 - INFO - game_screen.py: 312 [update] | Saving last.
2026-09-22 16:45:19,720 - INFO - game_screen.py: 312 [update] | Saving last.
2026-09-22 16:45:19,728 - INFO - game_screen.py: 312 [update] | Saving last.
2026-09-22 16:45:19,735 - INFO - game_screen.py: 312 [update] | Saving last.
2026-09-22 16:45:19,742 - INFO - game_screen.py: 312 [update] | Saving last.
2026-09-22 16:45:19,750 - INFO - game_screen.py: 312 [update] | Saving last.
2026-09-22 16:45:19,757 - INFO - game_screen.py: 312 [update] | Saving last.
2026-09-22 16:45:19,765 - INFO - game_screen.py: 312 [update] | Saving last.
2026-09-22 16:45:19,772 - INFO - game_screen.py: 312 [update] | Saving last.
2026-09-22 16:45:19,779 - INFO - game_screen.py: 312 [update] | Saving last.
2026-09-22 16:45:19,787 - INFO - game_screen.py: 312 [update] | Saving last.
2026-09-22 16:45:19,794 - INFO - game_screen.py: 312 [update] | Saving last.
2026-09-22 16:45:19,801 - INFO - game_screen.py: 312 [update] | Saving last.
2026-09-22 16:45:19,808 - INFO - game_screen.py: 312 [update] | Saving last.
2026-09-22 16:45:19,816 - INFO - game_screen.py: 312 [update] | Saving last.
2026-09-22 16:45:19,823 - INFO - game_screen.py: 312 [update] | Saving last.
2026-09-22 16:45:19,831 - INFO - game_screen.py: 312 [update] | Saving last.
2026-09-22 16:45:19,838 - INFO - game_screen.py: 312 [update] | Saving last.
2026-09-22 16:45:19,846 - INFO - game_screen.py: 312 [update] | Saving last.
2026-09-22 16:45:19,853 - INFO - game_screen.py: 312 [update] | Saving last.
2026-09-22 16:45:19,860 - INFO - game_screen.py: 312 [update] | Saving last.
2026-09-22 16:45:19,868 - INFO - game_screen.py: 312 [update] | Saving last.
2026-09-22 16:45:19,875 - INFO - game_screen.py: 312 [update] | Saving last.
2026-09-22 16:45:19,883 - INFO - game_screen.py: 312 [update] | Saving last.
2026-09-22 16:45:19,890 - INFO - game_screen.py: 312 [update] | Saving last.
2026-09-22 16:45:19,897 - INFO - game_screen.py: 312 [update] | Saving last.
2026-09-22 16:45:19,907 - INFO - game_screen.py: 312 [update] | Saving last.
2026-09-22 16:45:19,915 - INFO - game_screen.py: 312 [update] | Saving last.
2026-09-22 16:45:19,923 - INFO - game_screen.py: 312 [update] | Saving last.
2026-09-22 16:45:19,930 - INFO - game_screen.py: 312 [update] | Saving last.
2026-09-22 16:45:19,937 - INFO - game_screen.py: 312 [update] | Saving last.
2026-09-22 16:45:19,945 - INFO - game_screen.py: 312 [update] | Saving last.
2026-09-22 16:45:19,952 - INFO - game_screen.py: 312 [update] | Saving last.
2026-09-22 16:45:19,959 - INFO - game_screen.py: 312 [update] | Saving last.
2026-09-22 16:45:19,966 - INFO - game_screen.py: 312 [update] | Saving last.
2026-09-22 16:45:19,974 - INFO - game_screen.py: 312 [update] | Saving last.
2026-09-22 16:45:19,981 - INFO - game_screen.py: 312 [update] | Saving last.
2026-09-22 16:45:19,988 - INFO - game_screen.py: 312 [update] | Saving last.
2026-09-22 16:45:19,996 - INFO - game_screen.py: 312 [update] | Saving last.
2026-09-22 16:45:20,003 - INFO - game_screen.py: 312 [update] | Saving last.
2026-09-22 16:45:20,010 - INFO - game_screen.py: 312 [update] | Saving last.
2026-09-22 16:45:20,018 - INFO - game_screen.py: 312 [update] | Saving last.
2026-09-22 16:45:20,025 - INFO - game_screen.py: 312 [update] | Saving last.
2026-09-22 16:45:20,032 - INFO - game_screen.py: 312 [update] | Saving last.
2026-09-22 16:45:20,039 - INFO - game_screen.py: 312 [update] | Saving last.
2026-09-22 16:45:20,047 - INFO - game_screen.py: 312 [update] | Saving last.
2026-09-22 16:45:20,054 - INFO - game_screen.py: 312 [update] | Saving last.
2026-09-22 16:45:20,062 - INFO - game_screen.py: 312 [update] | Saving last.
2026-09-22 16:45:20,069 - INFO - game_screen.py: 312 [update] | Saving last.
2026-09-22 16:45:20,076 - INFO - game_screen.py: 312 [update] | Saving last.
2026-09-22 16:45:20,084 - INFO - game_screen.py: 312 [update] | Saving last.
2026-09-22 16:45:20,091 - INFO - game_screen.py: 312 [update] | Saving last.
2026-09-22 16:45:20,098 - INFO - game_screen.py: 312 [update] | Saving last.
2026-09-22 16:45:20,106 - INFO - game_screen.py: 312 [update] | Saving last.
2026-09-22 16:45:20,113 - INFO - game_screen.py: 312 [update] | Saving last.
2026-09-22 16:45:20,120 - INFO - game_screen.py: 312 [update] | Saving last.
2026-09-22 16:45:20,128 - INFO - game_screen.py: 312 [update] | Saving last.
2026-09-22 16:45:20,135 - INFO - game_screen.py: 312 [update] | Saving last.
2026-09-22 16:45:20,142 - INFO - game_screen.py: 312 [update] | Saving last.
2026-09-22 16:45:20,150 - INFO - game_screen.py: 312 [update] | Saving last.
2026-09-22 16:45:20,157 - INFO - game_screen.py: 312 [update] | Saving last.
2026-09-22 16:45:20,165 - INFO - game_screen.py: 312 [update] | Saving last.
2026-09-22 16:45:20,172 - INFO - game_screen.py: 312 [update] | Saving last.
2026-09-22 16:45:20,179 - INFO - game_screen.py: 312 [update] | Saving last.
2026-09-22 16:45:20,186 - INFO - game_screen.py: 312 [update] | Saving last.
2026-09-22 16:45:20,194 - INFO - game_screen.py: 312 [update] | Saving last.
2026-09-22 16:45:20,201 - INFO - game_screen.py: 312 [update] | Saving last.
2026-09-22 16:45:20,208 - INFO - game_screen.py: 312 [update] | Saving last.
2026-09-22 16:45:20,216 - INFO - game_screen.py: 312 [update] | Saving last.
2026-09-22 16:45:20,223 - INFO - game_screen.py: 312 [update] | Saving last.
2026-09-22 16:45:20,231 - INFO - game_screen.py: 312 [update] | Saving last.
2026-09-22 16:45:20,238 - INFO - game_screen.py: 312 [update] | Saving last.
2026-09-22 16:45:20,245 - INFO - game_screen.py: 312 [update] | Saving last.
2026-09-22 16:45:20,252 - INFO - game_screen.py: 312 [update] | Saving last.
2026-09-22 16:45:20,260 - INFO - game_screen.py: 312 [update] | Saving last.
2026-09-22 16:45:20,267 - INFO - game_screen.py: 312 [update] | Saving last.
2026-09-22 16:45:20,274 - INFO - game_screen.py: 312 [update] | Saving last.
2026-09-22 16:45:20,282 - INFO - game_screen.py: 312 [update] | Saving last.
2026-09-22 16:45:20,289 - INFO - game_screen.py: 312 [update] | Saving last.
2026-09-22 16:45:20,297 - INFO - game_screen.py: 312 [update] | Saving last.
2026-09-22 16:45:20,304 - INFO - game_screen.py: 312 [update] | Saving last.
2026-09-22 16:45:20,311 - INFO - game_screen.py: 312 [update] | Saving last.
2026-09-22 16:45:20,319 - INFO - game_screen.py: 312 [update] | Saving last.
2026-09-22 16:45:20,326 - INFO - game_screen.py: 312 [update] | Saving last.
2026-09-22 16:45:20,333 - INFO - game_screen.py: 312 [update] | Saving last.
2026-09-22 16:45:20,341 - INFO - game_screen.py: 312 [update] | Saving last.
2026-09-22 16:45:20,348 - INFO - game_screen.py: 312 [update] | Saving last.
2026-09-22 16:45:20,355 - INFO - game_screen.py: 312 [update] | Saving last.
2026-09-22 16:45:20,363 - INFO - game_screen.py: 312 [update] | Saving last.
2026-09-22 16:45:20,370 - INFO - game_screen.py: 312 [update] | Saving last.
2026-09-22 16:45:20,378 - INFO - game_screen.py: 312 [update] | Saving last.
2026-09-22 16:45:20,385 - INFO - game_screen.py: 312 [update] | Saving last.
2026-09-22 16:45:20,392 - INFO - game_screen.py: 312 [update] | Saving last.
2026-09-22 16:45:20,400 - INFO - game_screen.py: 312 [update] | Saving last.
2026-09-22 16:45:20,407 - INFO - game_screen.py: 312 [update] | Saving last.
2026-09-22 16:45:20,414 - INFO - game_screen.py: 312 [update] | Saving last.
2026-09-22 16:45:20,422 - INFO - game_screen.py: 312 [update] | Saving last.
2026-09-22 16:45:20,429 - INFO - game_screen.py: 312 [update] | Saving last.
2026-09-22 16:45:20,436 - INFO - game_screen.py: 312 [update] | Saving last.
2026-09-22 16:45:20,444 - INFO - game_screen.py: 312 [update] | Saving last.
2026-09-22 16:45:20,451 - INFO - game_screen.py: 312 [update] | Saving last.
2026-09-22 16:45:20,458 - INFO - game_screen.py: 312 [update] | Saving last.
2026-09-22 16:45:20,466 - INFO - game_screen.py: 312 [update] | Saving last.
2026-09-22 16:45:20,473 - INFO - game_screen.py: 312 [update] | Saving last.
2026-09-22 16:45:20,481 - INFO - game_screen.py: 312 [update] | Saving last.
2026-09-22 16:45:20,488 - INFO - game_screen.py: 312 [update] | Saving last.
2026-09-22 16:45:20,495 - INFO - game_screen.py: 312 [update] | Saving last.
2026-09-22 16:45:20,503 - INFO - game_screen.py: 312 [update] | Saving last.
2026-09-22 16:45:20,510 - INFO - game_screen.py: 312 [update] | Saving last.
2026-09-22 16:45:20,518 - INFO - game_screen.py: 312 [update] | Saving last.
2026-09-22 16:45:20,526 - INFO - game_screen.py: 312 [update] | Saving last.
2026-09-22 16:45:20,534 - INFO - game_screen.py: 312 [update] | Saving last.
2026-09-22 16:45:20,542 - INFO - game_screen.py: 312 [update] | Saving last.
2026-09-22 16:45:20,550 - INFO - game_screen.py: 312 [update] | Saving last.
2026-09-22 16:45:20,558 - INFO - game_screen.py: 312 [update] | Saving last.
2026-09-22 16:45:20,566 - INFO - game_screen.py: 312 [update] | Saving last.
2026-09-22 16:45:20,574 - INFO - game_screen.py: 312 [update] | Saving last.
2026-09-22 16:45:20,583 - INFO - game_screen.py: 312 [update] | Saving last.
2026-09-22 16:45:20,590 - INFO - game_screen.py: 312 [update] | Saving last.
2026-09-22 16:45:20,599 - INFO - game_screen.py: 312 [update] | Saving last.
2026-09-22 16:45:20,606 - INFO - game_screen.py: 312 [update] | Saving last.
2026-09-22 16:45:20,614 - INFO - game_screen.py: 312 [update] | Saving last.
2026-09-22 16:45:20,621 - INFO - game_screen.py: 312 [update] | Saving last.
2026-09-22 16:45:20,629 - INFO - game_screen.py: 312 [update] | Saving last.
2026-09-22 16:45:20,636 - INFO - game_screen.py: 312 [update] | Saving last.
2026-09-22 16:45:20,644 - INFO - game_screen.py: 312 [update] | Saving last.
2026-09-22 16:45:20,651 - INFO - game_screen.py: 312 [update] | Saving last.
2026-09-22 16:45:20,658 - INFO - game_screen.py: 312 [update] | Saving last.
2026-09-22 16:45:20,666 - INFO - game_screen.py: 312 [update] | Saving last.
2026-09-22 16:45:20,673 - INFO - game_screen.py: 312 [update] | Saving last.
2026-09-22 16:45:20,680 - INFO - game_screen.py: 312 [update] | Saving last.
2026-09-22 16:45:20,688 - INFO - game_screen.py: 312 [update] | Saving last.
2026-09-22 16:45:20,695 - INFO - game_screen.py: 312 [update] | Saving last.
2026-09-22 16:45:20,702 - INFO - game_screen.py: 312 [update] | Saving last.
2026-09-22 16:45:20,709 - INFO - game_screen.py: 312 [update] | Saving last.
2026-09-22 16:45:20,717 - INFO - game_screen.py: 312 [update] | Saving last.
2026-09-22 16:45:20,724 - INFO - game_screen.py: 312 [update] | Saving last.
2026-09-22 16:45:20,732 - INFO - game_screen.py: 312 [update] | Saving last.
2026-09-22 16:45:20,739 - INFO - game_screen.py: 312 [update] | Saving last.
2026-09-22 16:45:20,747 - INFO - game_screen.py: 312 [update] | Saving last.
2026-09-22 16:45:20,754 - INFO - game_screen.py: 312 [update] | Saving last.
2026-09-22 16:45:20,761 - INFO - game_screen.py: 312 [update] | Saving last.
2026-09-22 16:45:20,769 - INFO - game_screen.py: 312 [update] | Saving last.
2026-09-22 16:45:20,776 - INFO - game_screen.py: 312 [update] | Saving last.
2026-09-22 16:45:20,784 - INFO - game_screen.py: 312 [update] | Saving last.
2026-09-22 16:45:20,791 - INFO - game_screen.py: 312 [update] | Saving last.
2026-09-22 16:45:20,798 - INFO - game_screen.py: 312 [update] | Saving last.
2026-09-22 16:45:20,806 - INFO - game_screen.py: 312 [update] | Saving last.
2026-09-22 16:45:20,813 - INFO - game_screen.py: 312 [update] | Saving last.
2026-09-22 16:45:20,820 - INFO - game_screen.py: 312 [update] | Saving last.
2026-09-22 16:45:20,828 - INFO - game_screen.py: 312 [update] | Saving last.
2026-09-22 16:45:20,835 - INFO - game_screen.py: 312 [update] | Saving last.
2026-09-22 16:45:20,843 - INFO - game_screen.py: 312 [update] | Saving last.
2026-09-22 16:45:20,850 - INFO - game_screen.py: 312 [update] | Saving last.
2026-09-22 16:45:20,857 - INFO - game_screen.py: 312 [update] | Saving last.
2026-09-22 16:45:20,865 - INFO - game_screen.py: 312 [update] | Saving last.
2026-09-22 16:45:20,872 - INFO - game_screen.py: 312 [update] | Saving last.
2026-09-22 16:45:20,880 - INFO - game_screen.py: 312 [update] | Saving last.
2026-09-22 16:45:20,887 - INFO - game_screen.py: 312 [update] | Saving last.
2026-09-22 16:45:20,894 - INFO - game_screen.py: 312 [update] | Saving last.
2026-09-22 16:45:20,902 - INFO - game_screen.py: 312 [update] | Saving last.
2026-09-22 16:45:20,909 - INFO - game_screen.py: 312 [update] | Saving last.
2026-09-22 16:45:20,916 - INFO - game_screen.py: 312 [update] | Saving last.
2026-09-22 16:45:20,923 - INFO - game_screen.py: 312 [update] | Saving last.
2026-09-22 16:45:20,931 - INFO - game_screen.py: 312 [update] | Saving last.
2026-09-22 16:45:20,938 - INFO - game_screen.py: 312 [update] | Saving last.
2026-09-22 16:45:20,946 - INFO - game_screen.py: 312 [update] | Saving last.
2026-09-22 16:45:20,953 - INFO - game_screen.py: 312 [update] | Saving last.
2026-09-22 16:45:20,960 - INFO - game_screen.py: 312 [update] | Saving last.
2026-09-22 16:45:20,968 - INFO - game_screen.py: 312 [update] | Saving last.
2026-09-22 16:45:20,975 - INFO - game_screen.py: 312 [update] | Saving last.
2026-09-22 16:45:20,983 - INFO - game_screen.py: 312 [update] | Saving last.
2026-09-22 16:45:20,990 - INFO - game_screen.py: 312 [update] | Saving last.
2026-09-22 16:45:20,997 - INFO - game_screen.py: 312 [update] | Saving last.
2026-09-22 16:45:21,004 - INFO - game_screen.py: 312 [update] | Saving last.
2026-09-22 16:45:21,012 - INFO - game_screen.py: 312 [update] | Saving last.
2026-09-22 16:45:21,019 - INFO - game_screen.py: 312 [update] | Saving last.
2026-09-22 16:45:21,027 - INFO - game_screen.py: 312 [update] | Saving last.
2026-09-22 16:45:21,034 - INFO - game_screen.py: 312 [update] | Saving last.
2026-09-22 16:45:21,041 - INFO - game_screen.py: 312 [update] | Saving last.
2026-09-22 16:45:21,049 - INFO - game_screen.py: 312 [update] | Saving last.
2026-09-22 16:45:21,056 - INFO - game_screen.py: 312 [update] | Saving last.
2026-09-22 16:45:21,069 - INFO - game_screen.py: 312 [update] | Saving last.
2026-09-22 16:45:21,078 - INFO - game_screen.py: 312 [update] | Saving last.
2026-09-22 16:45:21,086 - INFO - game_screen.py: 312 [update] | Saving last.
2026-09-22 16:45:21,094 - INFO - game_screen.py: 312 [update] | Saving last.
2026-09-22 16:45:21,102 - INFO - game_screen.py: 312 [update] | Saving last.
2026-09-22 16:45:21,110 - INFO - game_screen.py: 312 [update] | Saving last.
2026-09-22 16:45:21,118 - INFO - game_screen.py: 312 [update] | Saving last.
2026-09-22 16:45:21,126 - INFO - game_screen.py: 312 [update] | Saving last.
2026-09-22 16:45:21,134 - INFO - game_screen.py: 312 [update] | Saving last.
2026-09-22 16:45:21,141 - INFO - game_screen.py: 312 [update] | Saving last.
2026-09-22 16:45:21,150 - INFO - game_screen.py: 312 [update] | Saving last.
2026-09-22 16:45:21,157 - INFO - game_screen.py: 312 [update] | Saving last.
2026-09-22 16:45:21,166 - INFO - game_screen.py: 312 [update] | Saving last.
2026-09-22 16:45:21,173 - INFO - game_screen.py: 312 [update] | Saving last.
2026-09-22 16:45:21,181 - INFO - game_screen.py: 312 [update] | Saving last.
2026-09-22 16:45:21,189 - INFO - game_screen.py: 312 [update] | Saving last.
2026-09-22 16:45:21,198 - INFO - game_screen.py: 312 [update] | Saving last.
2026-09-22 16:45:21,205 - INFO - game_screen.py: 312 [update] | Saving last.
2026-09-22 16:45:21,214 - INFO - game_screen.py: 312 [update] | Saving last.
2026-09-22 16:45:21,221 - INFO - game_screen.py: 312 [update] | Saving last.
2026-09-22 16:45:21,230 - INFO - game_screen.py: 312 [update] | Saving last.
2026-09-22 16:45:21,237 - INFO - game_screen.py: 312 [update] | Saving last.
2026-09-22 16:45:21,246 - INFO - game_screen.py: 312 [update] | Saving last.
2026-09-22 16:45:21,253 - INFO - game_screen.py: 312 [update] | Saving last.
2026-09-22 16:45:21,262 - INFO - game_screen.py: 312 [update] | Saving last.
2026-09-22 16:45:21,270 - INFO - game_screen.py: 312 [update] | Saving last.
2026-09-22 16:45:21,278 - INFO - game_screen.py: 312 [update] | Saving last.
2026-09-22 16:45:21,286 - INFO - game_screen.py: 312 [update] | Saving last.
2026-09-22 16:45:21,294 - INFO - game_screen.py: 312 [update] | Saving last.
2026-09-22 16:45:21,302 - INFO - game_screen.py: 312 [update] | Saving last.
2026-09-22 16:45:21,310 - INFO - game_screen.py: 312 [update] | Saving last.
2026-09-22 16:45:21,318 - INFO - game_screen.py: 312 [update] | Saving last.
2026-09-22 16:45:21,326 - INFO - game_screen.py: 312 [update] | Saving last.
2026-09-22 16:45:21,334 - INFO - game_screen.py: 312 [update] | Saving last.
2026-09-22 16:45:21,342 - INFO - game_screen.py: 312 [update] | Saving last.
2026-09-22 16:45:21,350 - INFO - game_screen.py: 312 [update] | Saving last.
2026-09-22 16:45:21,358 - INFO - game_screen.py: 312 [update] | Saving last.
2026-09-22 16:45:21,366 - INFO - game_screen.py: 312 [update] | Saving last.
2026-09-22 16:45:21,373 - INFO - game_screen.py: 312 [update] | Saving last.
2026-09-22 16:45:21,382 - INFO - game_screen.py: 312 [update] | Saving last.
2026-09-22 16:45:21,389 - INFO - game_screen.py: 312 [update] | Saving last.
2026-09-22 16:45:21,398 - INFO - game_screen.py: 312 [update] | Saving last.
2026-09-22 16:45:21,405 - INFO - game_screen.py: 312 [update] | Saving last.
2026-09-22 16:45:21,414 - INFO - game_screen.py: 312 [update] | Saving last.
2026-09-22 16:45:21,422 - INFO - game_screen.py: 312 [update] | Saving last.
2026-09-22 16:45:21,430 - INFO - game_screen.py: 312 [update] | Saving last.
2026-09-22 16:45:21,438 - INFO - game_screen.py: 312 [update] | Saving last.
2026-09-22 16:45:21,445 - INFO - game_screen.py: 312 [update] | Saving last.
2026-09-22 16:45:21,452 - INFO - game_screen.py: 312 [update] | Saving last.
2026-09-22 16:45:21,460 - INFO - game_screen.py: 312 [update] | Saving last.
2026-09-22 16:45:21,467 - INFO - game_screen.py: 312 [update] | Saving last.
2026-09-22 16:45:21,474 - INFO - game_screen.py: 312 [update] | Saving last.
2026-09-22 16:45:21,482 - INFO - game_screen.py: 312 [update] | Saving last.
2026-09-22 16:45:21,489 - INFO - game_screen.py: 312 [update] | Saving last.
2026-09-22 16:45:21,496 - INFO - game_screen.py: 312 [update] | Saving last.
2026-09-22 16:45:21,503 - INFO - game_screen.py: 312 [update] | Saving last.
2026-09-22 16:45:21,511 - INFO - game_screen.py: 312 [update] | Saving last.
2026-09-22 16:45:21,518 - INFO - game_screen.py: 312 [update] | Saving last.
2026-09-22 16:45:21,525 - INFO - game_screen.py: 312 [update] | Saving last.
2026-09-22 16:45:21,533 - INFO - game_screen.py: 312 [update] | Saving last.
2026-09-22 16:45:21,540 - INFO - game_screen.py: 312 [update] | Saving last.
2026-09-22 16:45:21,547 - INFO - game_screen.py: 312 [update] | Saving last.
2026-09-22 16:45:21,554 - INFO - game_screen.py: 312 [update] | Saving last.
2026-09-22 16:45:21,562 - INFO - game_screen.py: 312 [update] | Saving last.
2026-09-22 16:45:21,569 - INFO - game_screen.py: 312 [update] | Saving last.
2026-09-22 16:45:21,576 - INFO - game_screen.py: 312 [update] | Saving last.
2026-09-22 16:45:21,584 - INFO - game_screen.py: 312 [update] | Saving last.
2026-09-22 16:45:21,591 - INFO - game_screen.py: 312 [update] | Saving last.
2026-09-22 16:45:21,598 - INFO - game_screen.py: 312 [update] | Saving last.
2026-09-22 16:45:21,606 - INFO - game_screen.py: 312 [update] | Saving last.
2026-09-22 16:45:21,613 - INFO - game_screen.py: 312 [update] | Saving last.
2026-09-22 16:45:21,620 - INFO - game_screen.py: 312 [update] | Saving last.
2026-09-22 16:45:21,628 - INFO - game_screen.py: 312 [update] | Saving last.
2026-09-22 16:45:21,635 - INFO - game_screen.py: 312 [update] | Saving last.
2026-09-22 16:45:21,642 - INFO - game_screen.py: 312 [update] | Saving last.
2026-09-22 16:45:21,650 - INFO - game_screen.py: 312 [update] | Saving last.
2026-09-22 16:45:21,657 - INFO - game_screen.py: 312 [update] | Saving last.
2026-09-22 16:45:21,665 - INFO - game_screen.py: 312 [update] | Saving last.
2026-09-22 16:45:21,672 - INFO - game_screen.py: 312 [update] | Saving last.
2026-09-22 16:45:21,679 - INFO - game_screen.py: 312 [update] | Saving last.
2026-09-22 16:45:21,686 - INFO - game_screen.py: 312 [update] | Saving last.
2026-09-22 16:45:21,694 - INFO - game_screen.py: 312 [update] | Saving last.
2026-09-22 16:45:21,701 - INFO - game_screen.py: 312 [update] | Saving last.
2026-09-22 16:45:21,708 - INFO - game_screen.py: 312 [update] | Saving last.
2026-09-22 16:45:21,716 - INFO - game_screen.py: 312 [update] | Saving last.
2026-09-22 16:45:21,723 - INFO - game_screen.py: 312 [update] | Saving last.
2026-09-22 16:45:21,731 - INFO - game_screen.py: 312 [update] | Saving last.
2026-09-22 16:45:21,738 - INFO - game_screen.py: 312 [update] | Saving last.
2026-09-22 16:45:21,745 - INFO - game_screen.py: 312 [update] | Saving last.
2026-09-22 16:45:21,752 - INFO - game_screen.py: 312 [update] | Saving last.
2026-09-22 16:45:21,760 - INFO - game_screen.py: 312 [update] | Saving last.
2026-09-22 16:45:21,767 - INFO - game_screen.py: 312 [update] | Saving last.
2026-09-22 16:45:21,774 - INFO - game_screen.py: 312 [update] | Saving last.
2026-09-22 16:45:21,782 - INFO - game_screen.py: 312 [update] | Saving last.
2026-09-22 16:45:21,789 - INFO - game_screen.py: 312 [update] | Saving last.
2026-09-22 16:45:21,797 - INFO - game_screen.py: 312 [update] | Saving last.
2026-09-22 16:45:21,804 - INFO - game_screen.py: 312 [update] | Saving last.
2026-09-22 16:45:21,811 - INFO - game_screen.py: 312 [update] | Saving last.
2026-09-22 16:45:21,819 - INFO - game_screen.py: 312 [update] | Saving last.
2026-09-22 16:45:21,826 - INFO - game_screen.py: 312 [update] | Saving last.
2026-09-22 16:45:21,833 - INFO - game_screen.py: 312 [update] | Saving last.
2026-09-22 16:45:21,841 - INFO - game_screen.py: 312 [update] | Saving last.
2026-09-22 16:45:21,848 - INFO - game_screen.py: 312 [update] | Saving last.
2026-09-22 16:45:21,855 - INFO - game_screen.py: 312 [update] | Saving last.
2026-09-22 16:45:21,863 - INFO - game_screen.py: 312 [update] | Saving last.
2026-09-22 16:45:21,870 - INFO - game_screen.py: 312 [update] | Saving last.
2026-09-22 16:45:21,878 - INFO - game_screen.py: 312 [update] | Saving last.
2026-09-22 16:45:21,885 - INFO - game_screen.py: 312 [update] | Saving last.
2026-09-22 16:45:21,892 - INFO - game_screen.py: 312 [update] | Saving last.
2026-09-22 16:45:21,900 - INFO - game_screen.py: 312 [update] | Saving last.
2026-09-22 16:45:21,907 - INFO - game_screen.py: 312 [update] | Saving last.
2026-09-22 16:45:21,914 - INFO - game_screen.py: 312 [update] | Saving last.
2026-09-22 16:45:21,922 - INFO - game_screen.py: 312 [update] | Saving last.
2026-09-22 16:45:21,929 - INFO - game_screen.py: 312 [update] | Saving last.
2026-09-22 16:45:21,936 - INFO - game_screen.py: 312 [update] | Saving last.
2026-09-22 16:45:21,944 - INFO - game_screen.py: 312 [update] | Saving last.
2026-09-22 16:45:21,951 - INFO - game_screen.py: 312 [update] | Saving last.
2026-09-22 16:45:21,959 - INFO - game_screen.py: 312 [update] | Saving last.
2026-09-22 16:45:21,966 - INFO - game_screen.py: 312 [update] | Saving last.
2026-09-22 16:45:21,973 - INFO - game_screen.py: 312 [update] | Saving last.
2026-09-22 16:45:21,981 - INFO - game_screen.py: 312 [update] | Saving last.
2026-09-22 16:45:21,988 - INFO - game_screen.py: 312 [update] | Saving last.
2026-09-22 16:45:21,996 - INFO - game_screen.py: 312 [update] | Saving last.
2026-09-22 16:45:22,003 - INFO - game_screen.py: 312 [update] | Saving last.
2026-09-22 16:45:22,010 - INFO - game_screen.py: 312 [update] | Saving last.
2026-09-22 16:45:22,018 - INFO - game_screen.py: 312 [update] | Saving last.
2026-09-22 16:45:22,025 - INFO - game_screen.py: 312 [update] | Saving last.
2026-09-22 16:45:22,033 - INFO - game_screen.py: 312 [update] | Saving last.
2026-09-22 16:45:22,040 - INFO - game_screen.py: 312 [update] | Saving last.
2026-09-22 16:45:22,048 - INFO - game_screen.py: 312 [update] | Saving last.
2026-09-22 16:45:22,055 - INFO - game_screen.py: 312 [update] | Saving last.
2026-09-22 16:45:22,062 - INFO - game_screen.py: 312 [update] | Saving last.
2026-09-22 16:45:22,070 - INFO - game_screen.py: 312 [update] | Saving last.
2026-09-22 16:45:22,077 - INFO - game_screen.py: 312 [update] | Saving last.
2026-09-22 16:45:22,084 - INFO - game_screen.py: 312 [update] | Saving last.
2026-09-22 16:45:22,092 - INFO - game_screen.py: 312 [update] | Saving last.
2026-09-22 16:45:22,099 - INFO - game_screen.py: 312 [update] | Saving last.
2026-09-22 16:45:22,106 - INFO - game_screen.py: 312 [update] | Saving last.
2026-09-22 16:45:22,114 - INFO - game_screen.py: 312 [update] | Saving last.
2026-09-22 16:45:22,121 - INFO - game_screen.py: 312 [update] | Saving last.
2026-09-22 16:45:22,129 - INFO - game_screen.py: 312 [update] | Saving last.
2026-09-22 16:45:22,136 - INFO - game_screen.py: 312 [update] | Saving last.
2026-09-22 16:45:22,143 - INFO - game_screen.py: 312 [update] | Saving last.
2026-09-22 16:45:22,151 - INFO - game_screen.py: 312 [update] | Saving last.
2026-09-22 16:45:22,158 - INFO - game_screen.py: 312 [update] | Saving last.
2026-09-22 16:45:22,166 - INFO - game_screen.py: 312 [update] | Saving last.
2026-09-22 16:45:22,173 - INFO - game_screen.py: 312 [update] | Saving last.
2026-09-22 16:45:22,181 - INFO - game_screen.py: 312 [update] | Saving last.
2026-09-22 16:45:22,188 - INFO - game_screen.py: 312 [update] | Saving last.
2026-09-22 16:45:22,195 - INFO - game_screen.py: 312 [update] | Saving last.
2026-09-22 16:45:22,203 - INFO - game_screen.py: 312 [update] | Saving last.
2026-09-22 16:45:22,210 - INFO - game_screen.py: 312 [update] | Saving last.
2026-09-22 16:45:22,217 - INFO - game_screen.py: 312 [update] | Saving last.
2026-09-22 16:45:22,224 - INFO - game_screen.py: 312 [update] | Saving last.
2026-09-22 16:45:22,232 - INFO - game_screen.py: 312 [update] | Saving last.
2026-09-22 16:45:22,239 - INFO - game_screen.py: 312 [update] | Saving last.
2026-09-22 16:45:22,247 - INFO - game_screen.py: 312 [update] | Saving last.
2026-09-22 16:45:22,254 - INFO - game_screen.py: 312 [update] | Saving last.
2026-09-22 16:45:22,261 - INFO - game_screen.py: 312 [update] | Saving last.
2026-09-22 16:45:22,268 - INFO - game_screen.py: 312 [update] | Saving last.
2026-09-22 16:45:22,275 - INFO - game_screen.py: 312 [update] | Saving last.
2026-09-22 16:45:22,283 - INFO - game_screen.py: 312 [update] | Saving last.
2026-09-22 16:45:22,290 - INFO - game_screen.py: 312 [update] | Saving last.
2026-09-22 16:45:22,298 - INFO - game_screen.py: 312 [update] | Saving last.
2026-09-22 16:45:22,305 - INFO - game_screen.py: 312 [update] | Saving last.
2026-09-22 16:45:22,312 - INFO - game_screen.py: 312 [update] | Saving last.
2026-09-22 16:45:22,319 - INFO - game_screen.py: 312 [update] | Saving last.
2026-09-22 16:45:22,327 - INFO - game_screen.py: 312 [update] | Saving last.
2026-09-22 16:45:22,334 - INFO - game_screen.py: 312 [update] | Saving last.
2026-09-22 16:45:22,341 - INFO - game_screen.py: 312 [update] | Saving last.
2026-09-22 16:45:22,349 - INFO - game_screen.py: 312 [update] | Saving last.
2026-09-22 16:45:22,356 - INFO - game_screen.py: 312 [update] | Saving last.
2026-09-22 16:45:22,364 - INFO - game_screen.py: 312 [update] | Saving last.
2026-09-22 16:45:22,371 - INFO - game_screen.py: 312 [update] | Saving last.
2026-09-22 16:45:22,378 - INFO - game_screen.py: 312 [update] | Saving last.
2026-09-22 16:45:22,386 - INFO - game_screen.py: 312 [update] | Saving last.
2026-09-22 16:45:22,393 - INFO - game_screen.py: 312 [update] | Saving last.
2026-09-22 16:45:22,401 - INFO - game_screen.py: 312 [update] | Saving last.
2026-09-22 16:45:22,408 - INFO - game_screen.py: 312 [update] | Saving last.
2026-09-22 16:45:22,415 - INFO - game_screen.py: 312 [update] | Saving last.
2026-09-22 16:45:22,423 - INFO - game_screen.py: 312 [update] | Saving last.
2026-09-22 16:45:22,430 - INFO - game_screen.py: 312 [update] | Saving last.
2026-09-22 16:45:22,437 - INFO - game_screen.py: 312 [update] | Saving last.
2026-09-22 16:45:22,445 - INFO - game_screen.py: 312 [update] | Saving last.
2026-09-22 16:45:22,452 - INFO - game_screen.py: 312 [update] | Saving last.
2026-09-22 16:45:22,459 - INFO - game_screen.py: 312 [update] | Saving last.
2026-09-22 16:45:22,467 - INFO - game_screen.py: 312 [update] | Saving last.
2026-09-22 16:45:22,474 - INFO - game_screen.py: 312 [update] | Saving last.
2026-09-22 16:45:22,482 - INFO - game_screen.py: 312 [update] | Saving last.
2026-09-22 16:45:22,489 - INFO - game_screen.py: 312 [update] | Saving last.
2026-09-22 16:45:22,497 - INFO - game_screen.py: 312 [update] | Saving last.
2026-09-22 16:45:22,504 - INFO - game_screen.py: 312 [update] | Saving last.
2026-09-22 16:45:22,511 - INFO - game_screen.py: 312 [update] | Saving last.
2026-09-22 16:45:22,518 - INFO - game_screen.py: 312 [update] | Saving last.
2026-09-22 16:45:22,526 - INFO - game_screen.py: 312 [update] | Saving last.
2026-09-22 16:45:22,533 - INFO - game_screen.py: 312 [update] | Saving last.
2026-09-22 16:45:22,540 - INFO - game_screen.py: 312 [update] | Saving last.
2026-09-22 16:45:22,548 - INFO - game_screen.py: 312 [update] | Saving last.
2026-09-22 16:45:22,555 - INFO - game_screen.py: 312 [update] | Saving last.
2026-09-22 16:45:22,563 - INFO - game_screen.py: 312 [update] | Saving last.
2026-09-22 16:45:22,570 - INFO - game_screen.py: 312 [update] | Saving last.
2026-09-22 16:45:22,577 - INFO - game_screen.py: 312 [update] | Saving last.
2026-09-22 16:45:22,585 - INFO - game_screen.py: 312 [update] | Saving last.
2026-09-22 16:45:22,592 - INFO - game_screen.py: 312 [update] | Saving last.
2026-09-22 16:45:22,599 - INFO - game_screen.py: 312 [update] | Saving last.
2026-09-22 16:45:22,606 - INFO - game_screen.py: 312 [update] | Saving last.
2026-09-22 16:45:22,614 - INFO - game_screen.py: 312 [update] | Saving last.
2026-09-22 16:45:22,621 - INFO - game_screen.py: 312 [update] | Saving last.
2026-09-22 16:45:22,629 - INFO - game_screen.py: 312 [update] | Saving last.
2026-09-22 16:45:22,636 - INFO - game_screen.py: 312 [update] | Saving last.
2026-09-22 16:45:22,643 - INFO - game_screen.py: 312 [update] | Saving last.
2026-09-22 16:45:22,651 - INFO - game_screen.py: 312 [update] | Saving last.
2026-09-22 16:45:22,658 - INFO - game_screen.py: 312 [update] | Saving last.
2026-09-22 16:45:22,666 - INFO - game_screen.py: 312 [update] | Saving last.
2026-09-22 16:45:22,673 - INFO - game_screen.py: 312 [update] | Saving last.
2026-09-22 16:45:22,680 - INFO - game_screen.py: 312 [update] | Saving last.
2026-09-22 16:45:22,687 - INFO - game_screen.py: 312 [update] | Saving last.
2026-09-22 16:45:22,695 - INFO - game_screen.py: 312 [update] | Saving last.
2026-09-22 16:45:22,702 - INFO - game_screen.py: 312 [update] | Saving last.
2026-09-22 16:45:22,709 - INFO - game_screen.py: 312 [update] | Saving last.
2026-09-22 16:45:22,717 - INFO - game_screen.py: 312 [update] | Saving last.
2026-09-22 16:45:22,724 - INFO - game_screen.py: 312 [update] | Saving last.
2026-09-22 16:45:22,731 - INFO - game_screen.py: 312 [update] | Saving last.
2026-09-22 16:45:22,739 - INFO - game_screen.py: 312 [update] | Saving last.
2026-09-22 16:45:22,746 - INFO - game_screen.py: 312 [update] | Saving last.
2026-09-22 16:45:22,753 - INFO - game_screen.py: 312 [update] | Saving last.
2026-09-22 16:45:22,761 - INFO - game_screen.py: 312 [update] | Saving last.
2026-09-22 16:45:22,768 - INFO - game_screen.py: 312 [update] | Saving last.
2026-09-22 16:45:22,775 - INFO - game_screen.py: 312 [update] | Saving last.
2026-09-22 16:45:22,783 - INFO - game_screen.py: 312 [update] | Saving last.
2026-09-22 16:45:22,790 - INFO - game_screen.py: 312 [update] | Saving last.
2026-09-22 16:45:22,797 - INFO - game_screen.py: 312 [update] | Saving last.
2026-09-22 16:45:22,805 - INFO - game_screen.py: 312 [update] | Saving last.
2026-09-22 16:45:22,812 - INFO - game_screen.py: 312 [update] | Saving last.
2026-09-22 16:45:22,819 - INFO - game_screen.py: 312 [update] | Saving last.
2026-09-22 16:45:22,827 - INFO - game_screen.py: 312 [update] | Saving last.
2026-09-22 16:45:22,834 - INFO - game_screen.py: 312 [update] | Saving last.
2026-09-22 16:45:22,841 - INFO - game_screen.py: 312 [update] | Saving last.
2026-09-22 16:45:22,849 - INFO - game_screen.py: 312 [update] | Saving last.
2026-09-22 16:45:22,856 - INFO - game_screen.py: 312 [update] | Saving last.
2026-09-22 16:45:22,864 - INFO - game_screen.py: 312 [update] | Saving last.
2026-09-22 16:45:22,871 - INFO - game_screen.py: 312 [update] | Saving last.
2026-09-22 16:45:22,879 - INFO - game_screen.py: 312 [update] | Saving last.
2026-09-22 16:45:22,886 - INFO - game_screen.py: 312 [update] | Saving last.
2026-09-22 16:45:22,894 - INFO - game_screen.py: 312 [update] | Saving last.
2026-09-22 16:45:22,902 - INFO - game_screen.py: 312 [update] | Saving last.
2026-09-22 16:45:22,909 - INFO - game_screen.py: 312 [update] | Saving last.
2026-09-22 16:45:22,917 - INFO - game_screen.py: 312 [update] | Saving last.
2026-09-22 16:45:22,924 - INFO - game_screen.py: 312 [update] | Saving last.
2026-09-22 16:45:22,932 - INFO - game_screen.py: 312 [update] | Saving last.
2026-09-22 16:45:22,939 - INFO - game_screen.py: 312 [update] | Saving last.
2026-09-22 16:45:22,947 - INFO - game_screen.py: 312 [update] | Saving last.
2026-09-22 16:45:22,954 - INFO - game_screen.py: 312 [update] | Saving last.
2026-09-22 16:45:22,961 - INFO - game_screen.py: 312 [update] | Saving last.
2026-09-22 16:45:22,969 - INFO - game_screen.py: 312 [update] | Saving last.
2026-09-22 16:45:22,976 - INFO - game_screen.py: 312 [update] | Saving last.
2026-09-22 16:45:22,984 - INFO - game_screen.py: 312 [update] | Saving last.
2026-09-22 16:45:22,992 - INFO - game_screen.py: 312 [update] | Saving last.
2026-09-22 16:45:23,000 - INFO - game_screen.py: 312 [update] | Saving last.
2026-09-22 16:45:23,007 - INFO - game_screen.py: 312 [update] | Saving last.
2026-09-22 16:45:23,015 - INFO - game_screen.py: 312 [update] | Saving last.
2026-09-22 16:45:23,022 - INFO - game_screen.py: 312 [update] | Saving last.
2026-09-22 16:45:23,030 - INFO - game_screen.py: 312 [update] | Saving last.
2026-09-22 16:45:23,037 - INFO - game_screen.py: 312 [update] | Saving last.
2026-09-22 16:45:23,047 - INFO - game_screen.py: 312 [update] | Saving last.
2026-09-22 16:45:23,055 - INFO - game_screen.py: 312 [update] | Saving last.
2026-09-22 16:45:23,064 - INFO - game_screen.py: 312 [update] | Saving last.
2026-09-22 16:45:23,072 - INFO - game_screen.py: 312 [update] | Saving last.
2026-09-22 16:45:23,081 - INFO - game_screen.py: 312 [update] | Saving last.
2026-09-22 16:45:23,088 - INFO - game_screen.py: 312 [update] | Saving last.
2026-09-22 16:45:23,096 - INFO - game_screen.py: 312 [update] | Saving last.
2026-09-22 16:45:23,103 - INFO - game_screen.py: 312 [update] | Saving last.
2026-09-22 16:45:23,110 - INFO - game_screen.py: 312 [update] | Saving last.
2026-09-22 16:45:23,118 - INFO - game_screen.py: 312 [update] | Saving last.
2026-09-22 16:45:23,125 - INFO - game_screen.py: 312 [update] | Saving last.
2026-09-22 16:45:23,132 - INFO - game_screen.py: 312 [update] | Saving last.
2026-09-22 16:45:23,139 - INFO - game_screen.py: 312 [update] | Saving last.
2026-09-22 16:45:23,147 - INFO - game_screen.py: 312 [update] | Saving last.
2026-09-22 16:45:23,154 - INFO - game_screen.py: 312 [update] | Saving last.
2026-09-22 16:45:23,162 - INFO - game_screen.py: 312 [update] | Saving last.
2026-09-22 16:45:23,169 - INFO - game_screen.py: 312 [update] | Saving last.
2026-09-22 16:45:23,176 - INFO - game_screen.py: 312 [update] | Saving last.
2026-09-22 16:45:23,184 - INFO - game_screen.py: 312 [update] | Saving last.
2026-09-22 16:45:23,191 - INFO - game_screen.py: 312 [update] | Saving last.
2026-09-22 16:45:23,199 - INFO - game_screen.py: 312 [update] | Saving last.
2026-09-22 16:45:23,206 - INFO - game_screen.py: 312 [update] | Saving last.
2026-09-22 16:45:23,214 - INFO - game_screen.py: 312 [update] | Saving last.
2026-09-22 16:45:23,221 - INFO - game_screen.py: 312 [update] | Saving last.
2026-09-22 16:45:23,229 - INFO - game_screen.py: 312 [update] | Saving last.
2026-09-22 16:45:23,236 - INFO - game_screen.py: 312 [update] | Saving last.
2026-09-22 16:45:23,243 - INFO - game_screen.py: 312 [update] | Saving last.
2026-09-22 16:45:23,250 - INFO - game_screen.py: 312 [update] | Saving last.
2026-09-22 16:45:23,258 - INFO - game_screen.py: 312 [update] | Saving last.
2026-09-22 16:45:23,265 - INFO - game_screen.py: 312 [update] | Saving last.
2026-09-22 16:45:23,272 - INFO - game_screen.py: 312 [update] | Saving last.
2026-09-22 16:45:23,280 - INFO - game_screen.py: 312 [update] | Saving last.
2026-09-22 16:45:23,287 - INFO - game_screen.py: 312 [update] | Saving last.
2026-09-22 16:45:23,295 - INFO - game_screen.py: 312 [update] | Saving last.
2026-09-22 16:45:23,302 - INFO - game_screen.py: 312 [update] | Saving last.
2026-09-22 16:45:23,309 - INFO - game_screen.py: 312 [update] | Saving last.
2026-09-22 16:45:23,317 - INFO - game_screen.py: 312 [update] | Saving last.
2026-09-22 16:45:23,324 - INFO - game_screen.py: 312 [update] | Saving last.
2026-09-22 16:45:23,332 - INFO - game_screen.py: 312 [update] | Saving last.
2026-09-22 16:45:23,339 - INFO - game_screen.py: 312 [update] | Saving last.
2026-09-22 16:45:23,346 - INFO - game_screen.py: 312 [update] | Saving last.
2026-09-22 16:45:23,353 - INFO - game_screen.py: 312 [update] | Saving last.
2026-09-22 16:45:23,361 - INFO - game_screen.py: 312 [update] | Saving last.
2026-09-22 16:45:23,368 - INFO - game_screen.py: 312 [update] | Saving last.
2026-09-22 16:45:23,376 - INFO - game_screen.py: 312 [update] | Saving last.
2026-09-22 16:45:23,383 - INFO - game_screen.py: 312 [update] | Saving last.
2026-09-22 16:45:23,390 - INFO - game_screen.py: 312 [update] | Saving last.
2026-09-22 16:45:23,398 - INFO - game_screen.py: 312 [update] | Saving last.
2026-09-22 16:45:23,405 - INFO - game_screen.py: 312 [update] | Saving last.
2026-09-22 16:45:23,413 - INFO - game_screen.py: 312 [update] | Saving last.
2026-09-22 16:45:23,420 - INFO - game_screen.py: 312 [update] | Saving last.
2026-09-22 16:45:23,428 - INFO - game_screen.py: 312 [update] | Saving last.
2026-09-22 16:45:23,435 - INFO - game_screen.py: 312 [update] | Saving last.
2026-09-22 16:45:23,442 - INFO - game_screen.py: 312 [update] | Saving last.
2026-09-22 16:45:23,450 - INFO - game_screen.py: 312 [update] | Saving last.
2026-09-22 16:45:23,457 - INFO - game_screen.py: 312 [update] | Saving last.
2026-09-22 16:45:23,465 - INFO - game_screen.py: 312 [update] | Saving last.
2026-09-22 16:45:23,472 - INFO - game_screen.py: 312 [update] | Saving last.
2026-09-22 16:45:23,480 - INFO - game_screen.py: 312 [update] | Saving last.
2026-09-22 16:45:23,487 - INFO - game_screen.py: 312 [update] | Saving last.
2026-09-22 16:45:23,494 - INFO - game_screen.py: 312 [update] | Saving last.
2026-09-22 16:45:23,502 - INFO - game_screen.py: 312 [update] | Saving last.
2026-09-22 16:45:23,509 - INFO - game_screen.py: 312 [update] | Saving last.
2026-09-22 16:45:23,517 - INFO - game_screen.py: 312 [update] | Saving last.
2026-09-22 16:45:23,524 - INFO - game_screen.py: 312 [update] | Saving last.
2026-09-22 16:45:23,531 - INFO - game_screen.py: 312 [update] | Saving last.
2026-09-22 16:45:23,539 - INFO - game_screen.py: 312 [update] | Saving last.
2026-09-22 16:45:23,546 - INFO - game_screen.py: 312 [update] | Saving last.
2026-09-22 16:45:23,553 - INFO - game_screen.py: 312 [update] | Saving last.
2026-09-22 16:45:23,561 - INFO - game_screen.py: 312 [update] | Saving last.
2026-09-22 16:45:23,568 - INFO - game_screen.py: 312 [update] | Saving last.
2026-09-22 16:45:23,576 - INFO - game_screen.py: 312 [update] | Saving last.
2026-09-22 16:45:23,583 - INFO - game_screen.py: 312 [update] | Saving last.
2026-09-22 16:45:23,590 - INFO - game_screen.py: 312 [update] | Saving last.
2026-09-22 16:45:23,598 - INFO - game_screen.py: 312 [update] | Saving last.
2026-09-22 16:45:23,605 - INFO - game_screen.py: 312 [update] | Saving last.
2026-09-22 16:45:23,613 - INFO - game_screen.py: 312 [update] | Saving last.
2026-09-22 16:45:23,620 - INFO - game_screen.py: 312 [update] | Saving last.
2026-09-22 16:45:23,627 - INFO - game_screen.py: 312 [update] | Saving last.
2026-09-22 16:45:23,635 - INFO - game_screen.py: 312 [update] | Saving last.
2026-09-22 16:45:23,642 - INFO - game_screen.py: 312 [update] | Saving last.
2026-09-22 16:45:23,650 - INFO - game_screen.py: 312 [update] | Saving last.
2026-09-22 16:45:23,657 - INFO - game_screen.py: 312 [update] | Saving last.
2026-09-22 16:45:23,665 - INFO - game_screen.py: 312 [update] | Saving last.
2026-09-22 16:45:23,672 - INFO - game_screen.py: 312 [update] | Saving last.
2026-09-22 16:45:23,680 - INFO - game_screen.py: 312 [update] | Saving last.
2026-09-22 16:45:23,687 - INFO - game_screen.py: 312 [update] | Saving last.
2026-09-22 16:45:23,695 - INFO - game_screen.py: 312 [update] | Saving last.
2026-09-22 16:45:23,702 - INFO - game_screen.py: 312 [update] | Saving last.
2026-09-22 16:45:23,709 - INFO - game_screen.py: 312 [update] | Saving last.
2026-09-22 16:45:23,717 - INFO - game_screen.py: 312 [update] | Saving last.
2026-09-22 16:45:23,724 - INFO - game_screen.py: 312 [update] | Saving last.
2026-09-22 16:45:23,732 - INFO - game_screen.py: 312 [update] | Saving last.
2026-09-22 16:45:23,742 - INFO - game_screen.py: 312 [update] | Saving last.
2026-09-22 16:45:23,750 - INFO - game_screen.py: 312 [update] | Saving last.
2026-09-22 16:45:23,758 - INFO - game_screen.py: 312 [update] | Saving last.
2026-09-22 16:45:23,766 - INFO - game_screen.py: 312 [update] | Saving last.
2026-09-22 16:45:23,774 - INFO - game_screen.py: 312 [update] | Saving last.
2026-09-22 16:45:23,783 - INFO - game_screen.py: 312 [update] | Saving last.
2026-09-22 16:45:23,791 - INFO - game_screen.py: 312 [update] | Saving last.
2026-09-22 16:45:23,799 - INFO - game_screen.py: 312 [update] | Saving last.
2026-09-22 16:45:23,807 - INFO - game_screen.py: 312 [update] | Saving last.
2026-09-22 16:45:23,815 - INFO - game_screen.py: 312 [update] | Saving last.
2026-09-22 16:45:23,822 - INFO - game_screen.py: 312 [update] | Saving last.
2026-09-22 16:45:23,829 - INFO - game_screen.py: 312 [update] | Saving last.
2026-09-22 16:45:23,837 - INFO - game_screen.py: 312 [update] | Saving last.
2026-09-22 16:45:23,844 - INFO - game_screen.py: 312 [update] | Saving last.
2026-09-22 16:45:23,851 - INFO - game_screen.py: 312 [update] | Saving last.
2026-09-22 16:45:23,859 - INFO - game_screen.py: 312 [update] | Saving last.
2026-09-22 16:45:23,866 - INFO - game_screen.py: 312 [update] | Saving last.
2026-09-22 16:45:23,873 - INFO - game_screen.py: 312 [update] | Saving last.
2026-09-22 16:45:23,881 - INFO - game_screen.py: 312 [update] | Saving last.
2026-09-22 16:45:23,888 - INFO - game_screen.py: 312 [update] | Saving last.
2026-09-22 16:45:23,897 - INFO - game_screen.py: 312 [update] | Saving last.
2026-09-22 16:45:23,904 - INFO - game_screen.py: 312 [update] | Saving last.
2026-09-22 16:45:23,912 - INFO - game_screen.py: 312 [update] | Saving last.
2026-09-22 16:45:23,920 - INFO - game_screen.py: 312 [update] | Saving last.
2026-09-22 16:45:23,927 - INFO - game_screen.py: 312 [update] | Saving last.
2026-09-22 16:45:23,935 - INFO - game_screen.py: 312 [update] | Saving last.
2026-09-22 16:45:23,942 - INFO - game_screen.py: 312 [update] | Saving last.
2026-09-22 16:45:23,949 - INFO - game_screen.py: 312 [update] | Saving last.
2026-09-22 16:45:23,957 - INFO - game_screen.py: 312 [update] | Saving last.
2026-09-22 16:45:23,964 - INFO - game_screen.py: 312 [update] | Saving last.
2026-09-22 16:45:23,971 - INFO - game_screen.py: 312 [update] | Saving last.
2026-09-22 16:45:23,979 - INFO - game_screen.py: 312 [update] | Saving last.
2026-09-22 16:45:23,986 - INFO - game_screen.py: 312 [update] | Saving last.
2026-09-22 16:45:23,993 - INFO - game_screen.py: 312 [update] | Saving last.
2026-09-22 16:45:24,001 - INFO - game_screen.py: 312 [update] | Saving last.
2026-09-22 16:45:24,008 - INFO - game_screen.py: 312 [update] | Saving last.
2026-09-22 16:45:24,016 - INFO - game_screen.py: 312 [update] | Saving last.
2026-09-22 16:45:24,023 - INFO - game_screen.py: 312 [update] | Saving last.
2026-09-22 16:45:24,031 - INFO - game_screen.py: 312 [update] | Saving last.
2026-09-22 16:45:24,038 - INFO - game_screen.py: 312 [update] | Saving last.
2026-09-22 16:45:24,046 - INFO - game_screen.py: 312 [update] | Saving last.
2026-09-22 16:45:24,053 - INFO - game_screen.py: 312 [update] | Saving last.
2026-09-22 16:45:24,060 - INFO - game_screen.py: 312 [update] | Saving last.
2026-09-22 16:45:24,068 - INFO - game_screen.py: 312 [update] | Saving last.
2026-09-22 16:45:24,075 - INFO - game_screen.py: 312 [update] | Saving last.
2026-09-22 16:45:24,083 - INFO - game_screen.py: 312 [update] | Saving last.
2026-09-22 16:45:24,090 - INFO - game_screen.py: 312 [update] | Saving last.
2026-09-22 16:45:24,098 - INFO - game_screen.py: 312 [update] | Saving last.
2026-09-22 16:45:24,105 - INFO - game_screen.py: 312 [update] | Saving last.
2026-09-22 16:45:24,112 - INFO - game_screen.py: 312 [update] | Saving last.
2026-09-22 16:45:24,120 - INFO - game_screen.py: 312 [update] | Saving last.
2026-09-22 16:45:24,127 - INFO - game_screen.py: 312 [update] | Saving last.
2026-09-22 16:45:24,135 - INFO - game_screen.py: 312 [update] | Saving last.
2026-09-22 16:45:24,142 - INFO - game_screen.py: 312 [update] | Saving last.
2026-09-22 16:45:24,149 - INFO - game_screen.py: 312 [update] | Saving last.
2026-09-22 16:45:24,156 - INFO - game_screen.py: 312 [update] | Saving last.
2026-09-22 16:45:24,164 - INFO - game_screen.py: 312 [update] | Saving last.
2026-09-22 16:45:24,171 - INFO - game_screen.py: 312 [update] | Saving last.
2026-09-22 16:45:24,179 - INFO - game_screen.py: 312 [update] | Saving last.
2026-09-22 16:45:24,186 - INFO - game_screen.py: 312 [update] | Saving last.
2026-09-22 16:45:24,193 - INFO - game_screen.py: 312 [update] | Saving last.
2026-09-22 16:45:24,201 - INFO - game_screen.py: 312 [update] | Saving last.
2026-09-22 16:45:24,208 - INFO - game_screen.py: 312 [update] | Saving last.
2026-09-22 16:45:24,216 - INFO - game_screen.py: 312 [update] | Saving last.
2026-09-22 16:45:24,223 - INFO - game_screen.py: 312 [update] | Saving last.
2026-09-22 16:45:24,230 - INFO - game_screen.py: 312 [update] | Saving last.
2026-09-22 16:45:24,238 - INFO - game_screen.py: 312 [update] | Saving last.
2026-09-22 16:45:24,245 - INFO - game_screen.py: 312 [update] | Saving last.
2026-09-22 16:45:24,252 - INFO - game_screen.py: 312 [update] | Saving last.
2026-09-22 16:45:24,260 - INFO - game_screen.py: 312 [update] | Saving last.
2026-09-22 16:45:24,267 - INFO - game_screen.py: 312 [update] | Saving last.
2026-09-22 16:45:24,275 - INFO - game_screen.py: 312 [update] | Saving last.
2026-09-22 16:45:24,282 - INFO - game_screen.py: 312 [update] | Saving last.
2026-09-22 16:45:24,289 - INFO - game_screen.py: 312 [update] | Saving last.
2026-09-22 16:45:24,297 - INFO - game_screen.py: 312 [update] | Saving last.
2026-09-22 16:45:24,304 - INFO - game_screen.py: 312 [update] | Saving last.
2026-09-22 16:45:24,312 - INFO - game_screen.py: 312 [update] | Saving last.
2026-09-22 16:45:24,319 - INFO - game_screen.py: 312 [update] | Saving last.
2026-09-22 16:45:24,326 - INFO - game_screen.py: 312 [update] | Saving last.
2026-09-22 16:45:24,334 - INFO - game_screen.py: 312 [update] | Saving last.
2026-09-22 16:45:24,341 - INFO - game_screen.py: 312 [update] | Saving last.
2026-09-22 16:45:24,349 - INFO - game_screen.py: 312 [update] | Saving last.
2026-09-22 16:45:24,356 - INFO - game_screen.py: 312 [update] | Saving last.
2026-09-22 16:45:24,363 - INFO - game_screen.py: 312 [update] | Saving last.
2026-09-22 16:45:24,370 - INFO - game_screen.py: 312 [update] | Saving last.
2026-09-22 16:45:24,378 - INFO - game_screen.py: 312 [update] | Saving last.
2026-09-22 16:45:24,385 - INFO - game_screen.py: 312 [update] | Saving last.
2026-09-22 16:45:24,392 - INFO - game_screen.py: 312 [update] | Saving last.
2026-09-22 16:45:24,400 - INFO - game_screen.py: 312 [update] | Saving last.
2026-09-22 16:45:24,407 - INFO - game_screen.py: 312 [update] | Saving last.
2026-09-22 16:45:24,415 - INFO - game_screen.py: 312 [update] | Saving last.
2026-09-22 16:45:24,422 - INFO - game_screen.py: 312 [update] | Saving last.
2026-09-22 16:45:24,429 - INFO - game_screen.py: 312 [update] | Saving last.
2026-09-22 16:45:24,437 - INFO - game_screen.py: 312 [update] | Saving last.
2026-09-22 16:45:24,444 - INFO - game_screen.py: 312 [update] | Saving last.
2026-09-22 16:45:24,451 - INFO - game_screen.py: 312 [update] | Saving last.
2026-09-22 16:45:24,459 - INFO - game_screen.py: 312 [update] | Saving last.
2026-09-22 16:45:24,466 - INFO - game_screen.py: 312 [update] | Saving last.
2026-09-22 16:45:24,473 - INFO - game_screen.py: 312 [update] | Saving last.
2026-09-22 16:45:24,481 - INFO - game_screen.py: 312 [update] | Saving last.
2026-09-22 16:45:24,488 - INFO - game_screen.py: 312 [update] | Saving last.
2026-09-22 16:45:24,496 - INFO - game_screen.py: 312 [update] | Saving last.
2026-09-22 16:45:24,503 - INFO - game_screen.py: 312 [update] | Saving last.
2026-09-22 16:45:24,511 - INFO - game_screen.py: 312 [update] | Saving last.
2026-09-22 16:45:24,518 - INFO - game_screen.py: 312 [update] | Saving last.
2026-09-22 16:45:24,527 - INFO - game_screen.py: 312 [update] | Saving last.
2026-09-22 16:45:24,535 - INFO - game_screen.py: 312 [update] | Saving last.
2026-09-22 16:45:24,543 - INFO - game_screen.py: 312 [update] | Saving last.
2026-09-22 16:45:24,551 - INFO - game_screen.py: 312 [update] | Saving last.
2026-09-22 16:45:24,559 - INFO - game_screen.py: 312 [update] | Saving last.
2026-09-22 16:45:24,567 - INFO - game_screen.py: 312 [update] | Saving last.
2026-09-22 16:45:24,575 - INFO - game_screen.py: 312 [update] | Saving last.
2026-09-22 16:45:24,583 - INFO - game_screen.py: 312 [update] | Saving last.
2026-09-22 16:45:24,591 - INFO - game_screen.py: 312 [update] | Saving last.
2026-09-22 16:45:24,599 - INFO - game_screen.py: 312 [update] | Saving last.
2026-09-22 16:45:24,607 - INFO - game_screen.py: 312 [update] | Saving last.
2026-09-22 16:45:24,616 - INFO - game_screen.py: 312 [update] | Saving last.
2026-09-22 16:45:24,623 - INFO - game_screen.py: 312 [update] | Saving last.
2026-09-22 16:45:24,630 - INFO - game_screen.py: 312 [update] | Saving last.
2026-09-22 16:45:24,637 - INFO - game_screen.py: 312 [update] | Saving last.
2026-09-22 16:45:24,645 - INFO - game_screen.py: 312 [update] | Saving last.
2026-09-22 16:45:24,652 - INFO - game_screen.py: 312 [update] | Saving last.
2026-09-22 16:45:24,660 - INFO - game_screen.py: 312 [update] | Saving last.
2026-09-22 16:45:24,667 - INFO - game_screen.py: 312 [update] | Saving last.
2026-09-22 16:45:24,675 - INFO - game_screen.py: 312 [update] | Saving last.
2026-09-22 16:45:24,683 - INFO - game_screen.py: 312 [update] | Saving last.
2026-09-22 16:45:24,691 - INFO - game_screen.py: 312 [update] | Saving last.
2026-09-22 16:45:24,700 - INFO - game_screen.py: 312 [update] | Saving last.
2026-09-22 16:45:24,708 - INFO - game_screen.py: 312 [update] | Saving last.
2026-09-22 16:45:24,716 - INFO - game_screen.py: 312 [update] | Saving last.
2026-09-22 16:45:24,724 - INFO - game_screen.py: 312 [update] | Saving last.
2026-09-22 16:45:24,732 - INFO - game_screen.py: 312 [update] | Saving last.
2026-09-22 16:45:24,740 - INFO - game_screen.py: 312 [update] | Saving last.
2026-09-22 16:45:24,748 - INFO - game_screen.py: 312 [update] | Saving last.
2026-09-22 16:45:24,756 - INFO - game_screen.py: 312 [update] | Saving last.
2026-09-22 16:45:24,764 - INFO - game_screen.py: 312 [update] | Saving last.
2026-09-22 16:45:24,772 - INFO - game_screen.py: 312 [update] | Saving last.
2026-09-22 16:45:24,780 - INFO - game_screen.py: 312 [update] | Saving last.
2026-09-22 16:45:24,788 - INFO - game_screen.py: 312 [update] | Saving last.
2026-09-22 16:45:24,796 - INFO - game_screen.py: 312 [update] | Saving last.
2026-09-22 16:45:24,804 - INFO - game_screen.py: 312 [update] | Saving last.
2026-09-22 16:45:24,812 - INFO - game_screen.py: 312 [update] | Saving last.
2026-09-22 16:45:24,820 - INFO - game_screen.py: 312 [update] | Saving last.
2026-09-22 16:45:24,829 - INFO - game_screen.py: 312 [update] | Saving last.
2026-09-22 16:45:24,836 - INFO - game_screen.py: 312 [update] | Saving last.
2026-09-22 16:45:24,845 - INFO - game_screen.py: 312 [update] | Saving last.
2026-09-22 16:45:24,853 - INFO - game_screen.py: 312 [update] | Saving last.
2026-09-22 16:45:24,861 - INFO - game_screen.py: 312 [update] | Saving last.
2026-09-22 16:45:24,869 - INFO - game_screen.py: 312 [update] | Saving last.
2026-09-22 16:45:24,877 - INFO - game_screen.py: 312 [update] | Saving last.
2026-09-22 16:45:24,885 - INFO - game_screen.py: 312 [update] | Saving last.
2026-09-22 16:45:24,893 - INFO - game_screen.py: 312 [update] | Saving last.
2026-09-22 16:45:24,901 - INFO - game_screen.py: 312 [update] | Saving last.
2026-09-22 16:45:24,909 - INFO - game_screen.py: 312 [update] | Saving last.
2026-09-22 16:45:24,918 - INFO - game_screen.py: 312 [update] | Saving last.
2026-09-22 16:45:24,926 - INFO - game_screen.py: 312 [update] | Saving last.
2026-09-22 16:45:24,934 - INFO - game_screen.py: 312 [update] | Saving last.
2026-09-22 16:45:24,941 - INFO - game_screen.py: 312 [update] | Saving last.
2026-09-22 16:45:24,949 - INFO - game_screen.py: 312 [update] | Saving last.
2026-09-22 16:45:24,956 - INFO - game_screen.py: 312 [update] | Saving last.
2026-09-22 16:45:24,964 - INFO - game_screen.py: 312 [update] | Saving last.
2026-09-22 16:45:24,971 - INFO - game_screen.py: 312 [update] | Saving last.
2026-09-22 16:45:24,979 - INFO - game_screen.py: 312 [update] | Saving last.
2026-09-22 16:45:24,986 - INFO - game_screen.py: 312 [update] | Saving last.
2026-09-22 16:45:24,993 - INFO - game_screen.py: 312 [update] | Saving last.
2026-09-22 16:45:25,001 - INFO - game_screen.py: 312 [update] | Saving last.
2026-09-22 16:45:25,008 - INFO - game_screen.py: 312 [update] | Saving last.
2026-09-22 16:45:25,016 - INFO - game_screen.py: 312 [update] | Saving last.
2026-09-22 16:45:25,023 - INFO - game_screen.py: 312 [update] | Saving last.
2026-09-22 16:45:25,031 - INFO - game_screen.py: 312 [update] | Saving last.
2026-09-22 16:45:25,038 - INFO - game_screen.py: 312 [update] | Saving last.
2026-09-22 16:45:25,046 - INFO - game_screen.py: 312 [update] | Saving last.
2026-09-22 16:45:25,053 - INFO - game_screen.py: 312 [update] | Saving last.
2026-09-22 16:45:25,061 - INFO - game_screen.py: 312 [update] | Saving last.
2026-09-22 16:45:25,068 - INFO - game_screen.py: 312 [update] | Saving last.
2026-09-22 16:45:25,075 - INFO - game_screen.py: 312 [update] | Saving last.
2026-09-22 16:45:25,083 - INFO - game_screen.py: 312 [update] | Saving last.
2026-09-22 16:45:25,090 - INFO - game_screen.py: 312 [update] | Saving last.
2026-09-22 16:45:25,098 - INFO - game_screen.py: 312 [update] | Saving last.
2026-09-22 16:45:25,105 - INFO - game_screen.py: 312 [update] | Saving last.
2026-09-22 16:45:25,112 - INFO - game_screen.py: 312 [update] | Saving last.
2026-09-22 16:45:25,120 - INFO - game_screen.py: 312 [update] | Saving last.
2026-09-22 16:45:25,127 - INFO - game_screen.py: 312 [update] | Saving last.
2026-09-22 16:45:25,134 - INFO - game_screen.py: 312 [update] | Saving last.
2026-09-22 16:45:25,142 - INFO - game_screen.py: 312 [update] | Saving last.
2026-09-22 16:45:25,149 - INFO - game_screen.py: 312 [update] | Saving last.
2026-09-22 16:45:25,157 - INFO - game_screen.py: 312 [update] | Saving last.
2026-09-22 16:45:25,164 - INFO - game_screen.py: 312 [update] | Saving last.
2026-09-22 16:45:25,171 - INFO - game_screen.py: 312 [update] | Saving last.
2026-09-22 16:45:25,179 - INFO - game_screen.py: 312 [update] | Saving last.
2026-09-22 16:45:25,186 - INFO - game_screen.py: 312 [update] | Saving last.
2026-09-22 16:45:25,194 - INFO - game_screen.py: 312 [update] | Saving last.
2026-09-22 16:45:25,201 - INFO - game_screen.py: 312 [update] | Saving last.
2026-09-22 16:45:25,208 - INFO - game_screen.py: 312 [update] | Saving last.
2026-09-22 16:45:25,216 - INFO - game_screen.py: 312 [update] | Saving last.
2026-09-22 16:45:25,223 - INFO - game_screen.py: 312 [update] | Saving last.
2026-09-22 16:45:25,230 - INFO - game_screen.py: 312 [update] | Saving last.
2026-09-22 16:45:25,238 - INFO - game_screen.py: 312 [update] | Saving last.
2026-09-22 16:45:25,245 - INFO - game_screen.py: 312 [update] | Saving last.
2026-09-22 16:45:25,252 - INFO - game_screen.py: 312 [update] | Saving last.
2026-09-22 16:45:25,260 - INFO - game_screen.py: 312 [update] | Saving last.
2026-09-22 16:45:25,267 - INFO - game_screen.py: 312 [update] | Saving last.
2026-09-22 16:45:25,274 - INFO - game_screen.py: 312 [update] | Saving last.
2026-09-22 16:45:25,282 - INFO - game_screen.py: 312 [update] | Saving last.
2026-09-22 16:45:25,289 - INFO - game_screen.py: 312 [update] | Saving last.
2026-09-22 16:45:25,297 - INFO - game_screen.py: 312 [update] | Saving last.
2026-09-22 16:45:25,304 - INFO - game_screen.py: 312 [update] | Saving last.
2026-09-22 16:45:25,311 - INFO - game_screen.py: 312 [update] | Saving last.
2026-09-22 16:45:25,318 - INFO - game_screen.py: 312 [update] | Saving last.
2026-09-22 16:45:25,326 - INFO - game_screen.py: 312 [update] | Saving last.
2026-09-22 16:45:25,333 - INFO - game_screen.py: 312 [update] | Saving last.
2026-09-22 16:45:25,340 - INFO - game_screen.py: 312 [update] | Saving last.
2026-09-22 16:45:25,348 - INFO - game_screen.py: 312 [update] | Saving last.
2026-09-22 16:45:25,355 - INFO - game_screen.py: 312 [update] | Saving last.
2026-09-22 16:45:25,363 - INFO - game_screen.py: 312 [update] | Saving last.
2026-09-22 16:45:25,370 - INFO - game_screen.py: 312 [update] | Saving last.
2026-09-22 16:45:25,378 - INFO - game_screen.py: 312 [update] | Saving last.
2026-09-22 16:45:25,386 - INFO - game_screen.py: 312 [update] | Saving last.
2026-09-22 16:45:25,394 - INFO - game_screen.py: 312 [update] | Saving last.
2026-09-22 16:45:25,402 - INFO - game_screen.py: 312 [update] | Saving last.
2026-09-22 16:45:25,410 - INFO - game_screen.py: 312 [update] | Saving last.
2026-09-22 16:45:25,418 - INFO - game_screen.py: 312 [update] | Saving last.
2026-09-22 16:45:25,426 - INFO - game_screen.py: 312 [update] | Saving last.
2026-09-22 16:45:25,434 - INFO - game_screen.py: 312 [update] | Saving last.
2026-09-22 16:45:25,442 - INFO - game_screen.py: 312 [update] | Saving last.
2026-09-22 16:45:25,450 - INFO - game_screen.py: 312 [update] | Saving last.
2026-09-22 16:45:25,458 - INFO - game_screen.py: 312 [update] | Saving last.
2026-09-22 16:45:25,467 - INFO - game_screen.py: 312 [update] | Saving last.
2026-09-22 16:45:25,474 - INFO - game_screen.py: 312 [update] | Saving last.
2026-09-22 16:45:25,483 - INFO - game_screen.py: 312 [update] | Saving last.
2026-09-22 16:45:25,491 - INFO - game_screen.py: 312 [update] | Saving last.
2026-09-22 16:45:25,499 - INFO - game_screen.py: 312 [update] | Saving last.
2026-09-22 16:45:25,507 - INFO - game_screen.py: 312 [update] | Saving last.
2026-09-22 16:45:25,515 - INFO - game_screen.py: 312 [update] | Saving last.
2026-09-22 16:45:25,523 - INFO - game_screen.py: 312 [update] | Saving last.
2026-09-22 16:45:25,531 - INFO - game_screen.py: 312 [update] | Saving last.
2026-09-22 16:45:25,539 - INFO - game_screen.py: 312 [update] | Saving last.
2026-09-22 16:45:25,548 - INFO - game_screen.py: 312 [update] | Saving last.
2026-09-22 16:45:25,555 - INFO - game_screen.py: 312 [update] | Saving last.
2026-09-22 16:45:25,563 - INFO - game_screen.py: 312 [update] | Saving last.
2026-09-22 16:45:25,570 - INFO - game_screen.py: 312 [update] | Saving last.
2026-09-22 16:45:25,577 - INFO - game_screen.py: 312 [update] | Saving last.
2026-09-22 16:45:25,585 - INFO - game_screen.py: 312 [update] | Saving last.
2026-09-22 16:45:25,592 - INFO - game_screen.py: 312 [update] | Saving last.
2026-09-22 16:45:25,599 - INFO - game_screen.py: 312 [update] | Saving last.
2026-09-22 16:45:25,607 - INFO - game_screen.py: 312 [update] | Saving last.
2026-09-22 16:45:25,614 - INFO - game_screen.py: 312 [update] | Saving last.
2026-09-22 16:45:25,622 - INFO - game_screen.py: 312 [update] | Saving last.
2026-09-22 16:45:25,629 - INFO - game_screen.py: 312 [update] | Saving last.
2026-09-22 16:45:25,636 - INFO - game_screen.py: 312 [update] | Saving last.
2026-09-22 16:45:25,644 - INFO - game_screen.py: 312 [update] | Saving last.
2026-09-22 16:45:25,651 - INFO - game_screen.py: 312 [update] | Saving last.
2026-09-22 16:45:25,658 - INFO - game_screen.py: 312 [update] | Saving last.
2026-09-22 16:45:25,666 - INFO - game_screen.py: 312 [update] | Saving last.
2026-09-22 16:45:25,673 - INFO - game_screen.py: 312 [update] | Saving last.
2026-09-22 16:45:25,681 - INFO - game_screen.py: 312 [update] | Saving last.
2026-09-22 16:45:25,688 - INFO - game_screen.py: 312 [update] | Saving last.
2026-09-22 16:45:25,696 - INFO - game_screen.py: 312 [update] | Saving last.
2026-09-22 16:45:25,703 - INFO - game_screen.py: 312 [update] | Saving last.
2026-09-22 16:45:25,710 - INFO - game_screen.py: 312 [update] | Saving last.
2026-09-22 16:45:25,718 - INFO - game_screen.py: 312 [update] | Saving last.
2026-09-22 16:45:25,725 - INFO - game_screen.py: 312 [update] | Saving last.
2026-09-22 16:45:25,733 - INFO - game_screen.py: 312 [update] | Saving last.
2026-09-22 16:45:25,740 - INFO - game_screen.py: 312 [update] | Saving last.
2026-09-22 16:45:25,748 - INFO - game_screen.py: 312 [update] | Saving last.
2026-09-22 16:45:25,755 - INFO - game_screen.py: 312 [update] | Saving last.
2026-09-22 16:45:25,762 - INFO - game_screen.py: 312 [update] | Saving last.
2026-09-22 16:45:25,769 - INFO - game_screen.py: 312 [update] | Saving last.
2026-09-22 16:45:25,777 - INFO - game_screen.py: 312 [update] | Saving last.
2026-09-22 16:45:25,784 - INFO - game_screen.py: 312 [update] | Saving last.
2026-09-22 16:45:25,792 - INFO - game_screen.py: 312 [update] | Saving last.
2026-09-22 16:45:25,799 - INFO - game_screen.py: 312 [update] | Saving last.
2026-09-22 16:45:25,806 - INFO - game_screen.py: 312 [update] | Saving last.
2026-09-22 16:45:25,814 - INFO - game_screen.py: 312 [update] | Saving last.
2026-09-22 16:45:25,821 - INFO - game_screen.py: 312 [update] | Saving last.
2026-09-22 16:45:25,829 - INFO - game_screen.py: 312 [update] | Saving last.
2026-09-22 16:45:25,836 - INFO - game_screen.py: 312 [update] | Saving last.
2026-09-22 16:45:25,843 - INFO - game_screen.py: 312 [update] | Saving last.
2026-09-22 16:45:25,851 - INFO - game_screen.py: 312 [update] | Saving last.
2026-09-22 16:45:25,858 - INFO - game_screen.py: 312 [update] | Saving last.
2026-09-22 16:45:25,865 - INFO - game_screen.py: 312 [update] | Saving last.
2026-09-22 16:45:25,873 - INFO - game_screen.py: 312 [update] | Saving last.
2026-09-22 16:45:25,880 - INFO - game_screen.py: 312 [update] | Saving last.
2026-09-22 16:45:25,887 - INFO - game_screen.py: 312 [update] | Saving last.
2026-09-22 16:45:25,895 - INFO - game_screen.py: 312 [update] | Saving last.
2026-09-22 16:45:25,902 - INFO - game_screen.py: 312 [update] | Saving last.
2026-09-22 16:45:25,909 - INFO - game_screen.py: 312 [update] | Saving last.
2026-09-22 16:45:25,917 - INFO - game_screen.py: 312 [update] | Saving last.
2026-09-22 16:45:25,924 - INFO - game_screen.py: 312 [update] | Saving last.
2026-09-22 16:45:25,932 - INFO - game_screen.py: 312 [update] | Saving last.
2026-09-22 16:45:25,939 - INFO - game_screen.py: 312 [update] | Saving last.
2026-09-22 16:45:25,947 - INFO - game_screen.py: 312 [update] | Saving last.
2026-09-22 16:45:25,954 - INFO - game_screen.py: 312 [update] | Saving last.
2026-09-22 16:45:25,962 - INFO - game_screen.py: 312 [update] | Saving last.
2026-09-22 16:45:25,969 - INFO - game_screen.py: 312 [update] | Saving last.
2026-09-22 16:45:25,976 - INFO - game_screen.py: 312 [update] | Saving last.
2026-09-22 16:45:25,984 - INFO - game_screen.py: 312 [update] | Saving last.
2026-09-22 16:45:25,991 - INFO - game_screen.py: 312 [update] | Saving last.
2026-09-22 16:45:25,998 - INFO - game_screen.py: 312 [update] | Saving last.
2026-09-22 16:45:26,005 - INFO - game_screen.py: 312 [update] | Saving last.
2026-09-22 16:45:26,013 - INFO - game_screen.py: 312 [update] | Saving last.
2026-09-22 16:45:26,020 - INFO - game_screen.py: 312 [update] | Saving last.
2026-09-22 16:45:26,028 - INFO - game_screen.py: 312 [update] | Saving last.
2026-09-22 16:45:26,035 - INFO - game_screen.py: 312 [update] | Saving last.
2026-09-22 16:45:26,042 - INFO - game_screen.py: 312 [update] | Saving last.
2026-09-22 16:45:26,050 - INFO - game_screen.py: 312 [update] | Saving last.
2026-09-22 16:45:26,057 - INFO - game_screen.py: 312 [update] | Saving last.
2026-09-22 16:45:26,065 - INFO - game_screen.py: 312 [update] | Saving last.
2026-09-22 16:45:26,072 - INFO - game_screen.py: 312 [update] | Saving last.
2026-09-22 16:45:26,079 - INFO - game_screen.py: 312 [update] | Saving last.
2026-09-22 16:45:26,087 - INFO - game_screen.py: 312 [update] | Saving last.
2026-09-22 16:45:26,094 - INFO - game_screen.py: 312 [update] | Saving last.
2026-09-22 16:45:26,101 - INFO - game_screen.py: 312 [update] | Saving last.
2026-09-22 16:45:26,109 - INFO - game_screen.py: 312 [update] | Saving last.
2026-09-22 16:45:26,116 - INFO - game_screen.py: 312 [update] | Saving last.
2026-09-22 16:45:26,123 - INFO - game_screen.py: 312 [update] | Saving last.
2026-09-22 16:45:26,131 - INFO - game_screen.py: 312 [update] | Saving last.
2026-09-22 16:45:26,138 - INFO - game_screen.py: 312 [update] | Saving last.
2026-09-22 16:45:26,146 - INFO - game_screen.py: 312 [update] | Saving last.
2026-09-22 16:45:26,153 - INFO - game_screen.py: 312 [update] | Saving last.
2026-09-22 16:45:26,161 - INFO - game_screen.py: 312 [update] | Saving last.
2026-09-22 16:45:26,168 - INFO - game_screen.py: 312 [update] | Saving last.
2026-09-22 16:45:26,175 - INFO - game_screen.py: 312 [update] | Saving last.
2026-09-22 16:45:26,183 - INFO - game_screen.py: 312 [update] | Saving last.
2026-09-22 16:45:26,190 - INFO - game_screen.py: 312 [update] | Saving last.
2026-09-22 16:45:26,198 - INFO - game_screen.py: 312 [update] | Saving last.
2026-09-22 16:45:26,205 - INFO - game_screen.py: 312 [update] | Saving last.
2026-09-22 16:45:26,213 - INFO - game_screen.py: 312 [update] | Saving last.
2026-09-22 16:45:26,220 - INFO - game_screen.py: 312 [update] | Saving last.
2026-09-22 16:45:26,228 - INFO - game_screen.py: 312 [update] | Saving last.
2026-09-22 16:45:26,235 - INFO - game_screen.py: 312 [update] | Saving last.
2026-09-22 16:45:26,242 - INFO - game_screen.py: 312 [update] | Saving last.
2026-09-22 16:45:26,250 - INFO - game_screen.py: 312 [update] | Saving last.
2026-09-22 16:45:26,257 - INFO - game_screen.py: 312 [update] | Saving last.
2026-09-22 16:45:26,265 - INFO - game_screen.py: 312 [update] | Saving last.
2026-09-22 16:45:26,272 - INFO - game_screen.py: 312 [update] | Saving last.
2026-09-22 16:45:26,279 - INFO - game_screen.py: 312 [update] | Saving last.
2026-09-22 16:45:26,286 - INFO - game_screen.py: 312 [update] | Saving last.
2026-09-22 16:45:26,294 - INFO - game_screen.py: 312 [update] | Saving last.
2026-09-22 16:45:26,301 - INFO - game_screen.py: 312 [update] | Saving last.
2026-09-22 16:45:26,309 - INFO - game_screen.py: 312 [update] | Saving last.
2026-09-22 16:45:26,316 - INFO - game_screen.py: 312 [update] | Saving last.
2026-09-22 16:45:26,323 - INFO - game_screen.py: 312 [update] | Saving last.
2026-09-22 16:45:26,331 - INFO - game_screen.py: 312 [update] | Saving last.
2026-09-22 16:45:26,338 - INFO - game_screen.py: 312 [update] | Saving last.
2026-09-22 16:45:26,346 - INFO - game_screen.py: 312 [update] | Saving last.
2026-09-22 16:45:26,353 - INFO - game_screen.py: 312 [update] | Saving last.
2026-09-22 16:45:26,360 - INFO - game_screen.py: 312 [update] | Saving last.
2026-09-22 16:45:26,368 - INFO - game_screen.py: 312 [update] | Saving last.
2026-09-22 16:45:26,375 - INFO - game_screen.py: 312 [update] | Saving last.
2026-09-22 16:45:26,383 - INFO - game_screen.py: 312 [update] | Saving last.
2026-09-22 16:45:26,390 - INFO - game_screen.py: 312 [update] | Saving last.
2026-09-22 16:45:26,398 - INFO - game_screen.py: 312 [update] | Saving last.
2026-09-22 16:45:26,405 - INFO - game_screen.py: 312 [update] | Saving last.
2026-09-22 16:45:26,412 - INFO - game_screen.py: 312 [update] | Saving last.
2026-09-22 16:45:26,420 - INFO - game_screen.py: 312 [update] | Saving last.
2026-09-22 16:45:26,427 - INFO - game_screen.py: 312 [update] | Saving last.
2026-09-22 16:45:26,434 - INFO - game_screen.py: 312 [update] | Saving last.
2026-09-22 16:45:26,442 - INFO - game_screen.py: 312 [update] | Saving last.
2026-09-22 16:45:26,449 - INFO - game_screen.py: 312 [update] | Saving last.
2026-09-22 16:45:26,457 - INFO - game_screen.py: 312 [update] | Saving last.
2026-09-22 16:45:26,464 - INFO - game_screen.py: 312 [update] | Saving last.
2026-09-22 16:45:26,471 - INFO - game_screen.py: 312 [update] | Saving last.
2026-09-22 16:45:26,479 - INFO - game_screen.py: 312 [update] | Saving last.
2026-09-22 16:45:26,486 - INFO - game_screen.py: 312 [update] | Saving last.
2026-09-22 16:45:26,493 - INFO - game_screen.py: 312 [update] | Saving last.
2026-09-22 16:45:26,501 - INFO - game_screen.py: 312 [update] | Saving last.
2026-09-22 16:45:26,508 - INFO - game_screen.py: 312 [update] | Saving last.
2026-09-22 16:45:26,516 - INFO - game_screen.py: 312 [update] | Saving last.
2026-09-22 16:45:26,523 - INFO - game_screen.py: 312 [update] | Saving last.
2026-09-22 16:45:26,531 - INFO - game_screen.py: 312 [update] | Saving last.
2026-09-22 16:45:26,538 - INFO - game_screen.py: 312 [update] | Saving last.
2026-09-22 16:45:26,545 - INFO - game_screen.py: 312 [update] | Saving last.
2026-09-22 16:45:26,552 - INFO - game_screen.py: 312 [update] | Saving last.
2026-09-22 16:45:26,560 - INFO - game_screen.py: 312 [update] | Saving last.
2026-09-22 16:45:26,567 - INFO - game_screen.py: 312 [update] | Saving last.
2026-09-22 16:45:26,574 - INFO - game_screen.py: 312 [update] | Saving last.
2026-09-22 16:45:26,582 - INFO - game_screen.py: 312 [update] | Saving last.
2026-09-22 16:45:26,589 - INFO - game_screen.py: 312 [update] | Saving last.
2026-09-22 16:45:26,597 - INFO - game_screen.py: 312 [update] | Saving last.
2026-09-22 16:45:26,604 - INFO - game_screen.py: 312 [update] | Saving last.
2026-09-22 16:45:26,612 - INFO - game_screen.py: 312 [update] | Saving last.
2026-09-22 16:45:26,619 - INFO - game_screen.py: 312 [update] | Saving last.
2026-09-22 16:45:26,626 - INFO - game_screen.py: 312 [update] | Saving last.
2026-09-22 16:45:26,634 - INFO - game_screen.py: 312 [update] | Saving last.
2026-09-22 16:45:26,641 - INFO - game_screen.py: 312 [update] | Saving last.
2026-09-22 16:45:26,649 - INFO - game_screen.py: 312 [update] | Saving last.
2026-09-22 16:45:26,656 - INFO - game_screen.py: 312 [update] | Saving last.
2026-09-22 16:45:26,664 - INFO - game_screen.py: 312 [update] | Saving last.
2026-09-22 16:45:26,671 - INFO - game_screen.py: 312 [update] | Saving last.
2026-09-22 16:45:26,679 - INFO - game_screen.py: 312 [update] | Saving last.
2026-09-22 16:45:26,686 - INFO - game_screen.py: 312 [update] | Saving last.
2026-09-22 16:45:26,693 - INFO - game_screen.py: 312 [update] | Saving last.
2026-09-22 16:45:26,701 - INFO - game_screen.py: 312 [update] | Saving last.
2026-09-22 16:45:26,708 - INFO - game_screen.py: 312 [update] | Saving last.
2026-09-22 16:45:26,716 - INFO - game_screen.py: 312 [update] | Saving last.
2026-09-22 16:45:26,723 - INFO - game_screen.py: 312 [update] | Saving last.
2026-09-22 16:45:26,731 - INFO - game_screen.py: 312 [update] | Saving last.
2026-09-22 16:45:26,739 - INFO - game_screen.py: 312 [update] | Saving last.
2026-09-22 16:45:26,746 - INFO - game_screen.py: 312 [update] | Saving last.
2026-09-22 16:45:26,753 - INFO - game_screen.py: 312 [update] | Saving last.
2026-09-22 16:45:26,761 - INFO - game_screen.py: 312 [update] | Saving last.
2026-09-22 16:45:26,768 - INFO - game_screen.py: 312 [update] | Saving last.
2026-09-22 16:45:26,776 - INFO - game_screen.py: 312 [update] | Saving last.
2026-09-22 16:45:26,821 - INFO - save_manager.py: 83 [save_last_slot] | Saved last slot.
